"OSrXXb","rllt__details","yi40Hd","RDApEe","E4EMe","E4EMe 2","rllt__details 2","phone","rllt__details 4","rllt__details 5","website","QuU3Wb","yYlJEf href 2","QuU3Wb 2","ncRHuf","gyaiP href","QuU3Wb 3"
"Gorgeous Nails Salon","· Nail salon","4,0","(206)","More info","Reviews aren't verified by Google, but Google checks for and removes fake content when it's identified.","15+ years in business · Cambridge, MA, United States","· +1 617-576-2888","· Closes 6 pm","Open","https://www.google.com/maps/dir//Gorgeous+Nails+Salon,+435+Cambridge+St,+Cambridge,+MA+02141,+United+States/data=!4m6!4m5!1m1!4e2!1m2!1m1!1s0x89e370b991a9183f:0x2e5cd8588f891c1f?sa=X&ved=1t:57443&ictx=111","Directions","","","","",""
"Pinckney Nails","· Nail salon","3,7","(64)","More info","Reviews aren't verified by Google, but Google checks for and removes fake content when it's identified.","15+ years in business · Boston, MA, United States","· +1 617-720-5688","· Closes 6:30 pm","Open","https://pickneynails.com/","Website","https://www.google.com/maps/dir//Pinckney+Nails,+91+Charles+St+%23+B,+Boston,+MA+02114,+United+States/data=!4m6!4m5!1m1!4e2!1m2!1m1!1s0x89e3709f2823de99:0xa5e3df76451705?sa=X&ved=1t:57443&ictx=111","Directions","","",""
"MiniLuxe Seaport","· Nail salon","4,1","(349)","More info","Reviews aren't verified by Google, but Google checks for and removes fake content when it's identified.","10+ years in business · Boston, MA, United States","· +1 617-963-7591","· 5 pm","Closes soon","https://miniluxe.com/","Website","https://www.google.com/maps/dir//MiniLuxe+Seaport,+81+Seaport+Blvd,+Boston,+MA+02210,+United+States/data=!4m6!4m5!1m1!4e2!1m2!1m1!1s0x89e3707f116f15bd:0x28a3dd9badc35269?sa=X&ved=1t:57443&ictx=111","Directions","On-site services","https://miniluxe.zenoti.com/webstoreNew/services/5d17b097-54a3-4fcf-85aa-0edd9529d445?merchantId=5d17b097-54a3-4fcf-85aa-0edd9529d445&booking_source=booknow&booking_medium=google&rwg_token=AE37R_iN_F-LR481ntuFf3lbqZSTkbtYGGKxK5Y8xp0_MO8I5XKFljRV3u-tJsSpAXVG1fyTyPG8p-MjKlZZBCQeiEtQZPKE_Q%3D%3D&source=cat","Schedule"
"Elegant Nails & Spa","· Nail salon","4,4","(242)","More info","Reviews aren't verified by Google, but Google checks for and removes fake content when it's identified.","10+ years in business · Medford, MA, United States","· +1 781-874-0226","· 5 pm","Closes soon","http://elegantnailsmedford.com/","Website","https://www.google.com/maps/dir//Elegant+Nails+%26+Spa,+199+Mystic+Ave,+Medford,+MA+02155,+United+States/data=!4m6!4m5!1m1!4e2!1m2!1m1!1s0x89e376ce0ffad11d:0xeb6cfcbf2a271802?sa=X&ved=1t:57443&ictx=111","Directions","On-site services","",""
"MauraLinhSpa","· Nail salon","4,1","(114)","More info","Reviews aren't verified by Google, but Google checks for and removes fake content when it's identified.","7+ years in business · Boston, MA, United States","· +1 617-208-6060","· Closes 6 pm","Open","http://www.mauralinhspa.com/","Website","https://www.google.com/maps/dir//MauraLinhSpa,+1085+Commonwealth+Ave,+Boston,+MA+02215,+United+States/data=!4m6!4m5!1m1!4e2!1m2!1m1!1s0x89e379c31a558dc5:0x32eb96ae87b239fa?sa=X&ved=1t:57443&ictx=111","Directions","On-site services","",""
"iBeauty Lounge","· Nail salon","4,6","(80)","More info","Reviews aren't verified by Google, but Google checks for and removes fake content when it's identified.","South Boston, MA, United States","· +1 617-765-8077","· 5 pm","Closes soon","https://ibeautylounge.com/","Website","https://www.google.com/maps/dir//iBeauty+Lounge,+594+E+Broadway,+South+Boston,+MA+02127,+United+States/data=!4m6!4m5!1m1!4e2!1m2!1m1!1s0x89e37b0170473cf1:0x921edaff5e0f423e?sa=X&ved=1t:57443&ictx=111","Directions","On-site services","",""
"23 Nail Studio","· Nail salon","4,2","(15)","More info","Reviews aren't verified by Google, but Google checks for and removes fake content when it's identified.","Boston, MA, United States","· +1 857-234-6033","· 5 pm","Closes soon","https://23nailstudio.glossgenius.com/","Website","https://www.google.com/maps/dir//23+Nail+Studio,+56+Wareham+St+2nd+Floor,+Suite+210,+Boston,+MA+02118,+United+States/data=!4m6!4m5!1m1!4e2!1m2!1m1!1s0x89e37b7bb4995d2d:0xc97fac6298b26c60?sa=X&ved=1t:57443&ictx=111","Directions","","https://23nailstudio.glossgenius.com/services?rwg_token=AE37R_heAtpQ3H-yZ-wXfk-k3KjQcBhYI-Iqm1GNkjlnTA8zbQicHT5vDeuLwZvQYPFW0D05EVq6q29srRCmTX1oOtgfPrqvzw%3D%3D&source=cat","Schedule"
"Sway Spa","· Spa","4,8","(266)","More info","Reviews aren't verified by Google, but Google checks for and removes fake content when it's identified.","10+ years in business · Boston, MA, United States","· +1 617-651-0044","· 5:30 pm","Closes soon","https://www.swayspa.com/?RefCode=GHome","Website","https://www.google.com/maps/dir//Sway+Spa,+485+Commonwealth+Ave,+Boston,+MA+02215,+United+States/data=!4m6!4m5!1m1!4e2!1m2!1m1!1s0x89e37a03291ae38f:0x68298089b70fc06e?sa=X&ved=1t:57443&ictx=111","Directions","On-site services","",""
"D LUXE NAIL BAR","· Nail salon","3,3","(87)","More info","Reviews aren't verified by Google, but Google checks for and removes fake content when it's identified.","7+ years in business · Boston, MA, United States","· +1 617-765-8094","· Closes 6 pm","Open","http://www.dluxebar.com/","Website","https://www.google.com/maps/dir//D+LUXE+NAIL+BAR,+659+E+Broadway,+Boston,+MA+02127,+United+States/data=!4m6!4m5!1m1!4e2!1m2!1m1!1s0x89e37a8e1c7db8bf:0x8f6a0333b2f1403?sa=X&ved=1t:57443&ictx=111","Directions","","",""
"Gaelic Day Spa & Salon","· Nail salon","4,3","(331)","More info","Reviews aren't verified by Google, but Google checks for and removes fake content when it's identified.","15+ years in business · South Boston, MA, United States","· +1 617-268-8860","· 5 pm","Closes soon","https://gaelicdayspaandsalon.com/","Website","https://www.google.com/maps/dir//Gaelic+Day+Spa+%26+Salon,+389+W+Broadway,+South+Boston,+MA+02127,+United+States/data=!4m6!4m5!1m1!4e2!1m2!1m1!1s0x89e37a89e8d905b3:0x86e9bdaadc78b8f5?sa=X&ved=1t:57443&ictx=111","Directions","On-site services","",""
"Awesome Tan Nails & Spa","· Nail salon","4,3","(155)","More info","Reviews aren't verified by Google, but Google checks for and removes fake content when it's identified.","15+ years in business · Brookline, MA, United States","· +1 617-277-8822","· Closes 6 pm","Open","https://www.google.com/maps/dir//Awesome+Tan+Nails+%26+Spa,+1412+Beacon+St,+Brookline,+MA+02446,+United+States/data=!4m6!4m5!1m1!4e2!1m2!1m1!1s0x89e379beeac636eb:0xc773e7c240347661?sa=X&ved=1t:57443&ictx=111","Directions","","","On-site services","",""
"Beauti Nail Bar","· Nail salon","4,3","(126)","More info","Reviews aren't verified by Google, but Google checks for and removes fake content when it's identified.","Boston, MA, United States","· +1 617-874-8469","· 5 pm","Closes soon","http://beautinailbar.com/","Website","https://www.google.com/maps/dir//Beauti+Nail+Bar,+227+Border+St,+Boston,+MA+02128,+United+States/data=!4m6!4m5!1m1!4e2!1m2!1m1!1s0x89e371c553f73b01:0x52a2cf5f7549a4f2?sa=X&ved=1t:57443&ictx=111","Directions","","",""
"Nails Spa By Time","· Nail salon","3,4","(156)","More info","Reviews aren't verified by Google, but Google checks for and removes fake content when it's identified.","15+ years in business · Boston, MA, United States","· +1 617-277-7773","· Opens 10 am Mon","Closed","","","https://www.google.com/maps/dir//Nails+Spa+By+Time,+712+Huntington+Ave,+Boston,+MA+02115,+United+States/data=!4m6!4m5!1m1!4e2!1m2!1m1!1s0x89e3798eda1b4819:0x5f8882fbbb1d2b0f?sa=X&ved=1t:57443&ictx=111","Directions","","",""
"Supreme Nails","· Nail salon","4,0","(56)","More info","Reviews aren't verified by Google, but Google checks for and removes fake content when it's identified.","10+ years in business · Boston, MA, United States","· +1 857-445-0185","· 5 pm","Closes soon","","","https://www.google.com/maps/dir//Supreme+Nails,+95+N+Washington+St+%232115,+Boston,+MA+02114,+United+States/data=!4m6!4m5!1m1!4e2!1m2!1m1!1s0x89e3708ef4ae6819:0x9debcda43fc715aa?sa=X&ved=1t:57443&ictx=111","Directions","","",""
"Retoques Beauty Studio","· Beauty salon","4,9","(90)","More info","Reviews aren't verified by Google, but Google checks for and removes fake content when it's identified.","East Boston, MA, United States","· +1 617-372-5332","· Opens 9 am Mon","Closed","https://retoquesboston.setmore.com/","Website","https://www.google.com/maps/dir//Retoques+Beauty+Studio,+184+Cottage+St,+East+Boston,+MA+02128,+United+States/data=!4m6!4m5!1m1!4e2!1m2!1m1!1s0x89e371a8bde6cedd:0x97bd8cfb9a0f70d0?sa=X&ved=1t:57443&ictx=111","Directions","","",""
"South Street Nails & Spa","· Nail salon","4,1","(122)","More info","Reviews aren't verified by Google, but Google checks for and removes fake content when it's identified.","10+ years in business · Boston, MA, United States","· +1 617-936-3034","· Opens 9 am Mon","Closed","","","https://www.google.com/maps/dir//South+Street+Nails+%26+Spa,+100+South+St,+Boston,+MA+02111,+United+States/data=!4m6!4m5!1m1!4e2!1m2!1m1!1s0x89e37a78be3c0271:0xa6112e3e29d672d3?sa=X&ved=1t:57443&ictx=111","Directions","","",""
"Jennifer's Nail & Skin Salon","· Nail salon","3,4","(159)","More info","Reviews aren't verified by Google, but Google checks for and removes fake content when it's identified.","15+ years in business · Boston, MA, United States","· +1 617-437-0777","· Closes 7:30 pm","Open","http://www.jennifersnailsalons.com/","Website","https://www.google.com/maps/dir//Jennifer's+Nail+%26+Skin+Salon,+161A+Newbury+St,+Boston,+MA+02116,+United+States/data=!4m6!4m5!1m1!4e2!1m2!1m1!1s0x89e37a0eed7f1df3:0x1b05c6e7e6794d64?sa=X&ved=1t:57443&ictx=111","Directions","","",""
"Lauren's Nails","· Nail salon","3,5","(71)","More info","Reviews aren't verified by Google, but Google checks for and removes fake content when it's identified.","10+ years in business · Boston, MA, United States","· +1 617-267-1480","· Closes 7 pm","Open","","","https://www.google.com/maps/dir//Lauren's+Nails,+249+Newbury+St,+Boston,+MA+02116,+United+States/data=!4m6!4m5!1m1!4e2!1m2!1m1!1s0x89e37a0f0158042f:0x5741d4f69baffa33?sa=X&ved=1t:57443&ictx=111","Directions","","",""
"Avanti Salon","· Beauty salon","4,8","(618)","More info","Reviews aren't verified by Google, but Google checks for and removes fake content when it's identified.","50+ years in business · Boston, MA, United States","· +1 617-267-4027","· Closes 6 pm","Open","https://avantisalonboston.com/","Website","https://www.google.com/maps/dir//Avanti+Salon,+20+Newbury+St+%234,+Boston,+MA+02116,+United+States/data=!4m6!4m5!1m1!4e2!1m2!1m1!1s0x89e37a7518c5f32d:0xe29d2d90066db1f?sa=X&ved=1t:57443&ictx=111","Directions","On-site services","",""
"Umi Beauty Eyelash","· Beauty salon","5,0","(18)","More info","Reviews aren't verified by Google, but Google checks for and removes fake content when it's identified.","Boston, MA, United States","· +1 617-650-1897","· Closes 9 pm","Open","https://www.umibeautyeyelash.com/","Website","https://www.google.com/maps/dir//Umi+Beauty+Eyelash,+72+Kneeland+St+%23207,+Boston,+MA+02111,+United+States/data=!4m6!4m5!1m1!4e2!1m2!1m1!1s0x89e37b2a9fa6a115:0x84e275dbc4009f77?sa=X&ved=1t:57443&ictx=111","Directions","","https://go.bychronos.com/l/boston-02111-umi-beauty-eyelash-805920/a/services?p=g&rwg_token=AE37R_h0zAgIFAIrA6WidaeXggetffwtB-P6b1iimLhTsL5GPP5f1ORJoMEqDssZJMxcksf29lLoupC4TcwcXMooFPycbNe2Fg%3D%3D&source=cat","Schedule"
"Nailed it Boston","· Nail salon","4,7","(83)","More info","Reviews aren't verified by Google, but Google checks for and removes fake content when it's identified.","Watertown, MA, United States","· +1 774-534-1080","· Opens 9 am Mon","Closed","https://www.google.com/maps/dir//Nailed+it+Boston,+413+Mt+Auburn+St,+Watertown,+MA+02472,+United+States/data=!4m6!4m5!1m1!4e2!1m2!1m1!1s0x89e3792ba5fbbfdd:0x8b073819000ab918?sa=X&ved=1t:57443&ictx=111","Directions","","","","",""
"Maison Salon 美格发廊","· Nail salon","4,2","(104)","More info","Reviews aren't verified by Google, but Google checks for and removes fake content when it's identified.","15+ years in business · Boston, MA, United States","· +1 617-451-1818","· Closes 8 pm","Open","","","https://www.google.com/maps/dir//Maison+Salon+%E7%BE%8E%E6%A0%BC%E5%8F%91%E5%BB%8A,+28+Harrison+Ave,+Boston,+MA+02111,+United+States/data=!4m6!4m5!1m1!4e2!1m2!1m1!1s0x89e37a7819811b09:0xb0e9a3926a5ad285?sa=X&ved=1t:57443&ictx=111","Directions","On-site services","",""
"StreetSalon","· Nail salon","4,6","(80)","More info","Reviews aren't verified by Google, but Google checks for and removes fake content when it's identified.","Boston, MA, United States","· +1 617-982-6871","· Closes 6 pm","Open","http://www.streetsalonboston.com/","Website","https://www.google.com/maps/dir//StreetSalon,+10+Huntington+Ave+Flr+2,+Boston,+MA+02116,+United+States/data=!4m6!4m5!1m1!4e2!1m2!1m1!1s0x89e37b6cdb818ca1:0xee25960b09d03d62?sa=X&ved=1t:57443&ictx=111","Directions","On-site services","",""
"Secret Spa & Nail Salon","· Nail salon","3,9","(63)","More info","Reviews aren't verified by Google, but Google checks for and removes fake content when it's identified.","10+ years in business · Boston, MA, United States","· +1 617-227-0060","· Opens 10 am Mon","Closed","","","https://www.google.com/maps/dir//Secret+Spa+%26+Nail+Salon,+100+Prince+St,+Boston,+MA+02113,+United+States/data=!4m6!4m5!1m1!4e2!1m2!1m1!1s0x89e3708eafc37ed9:0x84aee0b7af7fa40d?sa=X&ved=1t:57443&ictx=111","Directions","","",""
"Fenny's Salon","· Beauty salon","4,9","(253)","More info","Reviews aren't verified by Google, but Google checks for and removes fake content when it's identified.","30+ years in business · Boston, MA, United States","· +1 617-372-1777","· 5:30 pm","Closes soon","https://square.site/book/C2S6S7C5T43G0/fenny-s-salon-inc-boston-ma","Website","https://www.google.com/maps/dir//Fenny's+Salon,+1256+Washington+St,+Boston,+MA+02118,+United+States/data=!4m6!4m5!1m1!4e2!1m2!1m1!1s0x89e37a6e78bcdf43:0x947877fe2b40f2cd?sa=X&ved=1t:57443&ictx=111","Directions","On-site services","https://app.squareup.com/appointments/book/pxtell1dkg5c1t/C2S6S7C5T43G0/start?rwg_token=AE37R_iG5FNtdIocVA0CTqRGX-tisP1M_Lv80Zst9MvEcZq2X_BP8hlrSf-kYrZIwmF6jv3n47ZFT14yhoilYw3d6mqnOquf0Q%3D%3D&source=cat","Schedule"
"Mini's Style","· Nail salon","5,0","(67)","More info","Reviews aren't verified by Google, but Google checks for and removes fake content when it's identified.","15+ years in business · Boston, MA, United States","· +1 617-423-4233","· Opens 10 am Mon","Closed","","","https://www.google.com/maps/dir//Mini's+Style,+149+Pearl+St,+Boston,+MA+02110,+United+States/data=!4m6!4m5!1m1!4e2!1m2!1m1!1s0x89e3708110712647:0x158ec81f6327b3f5?sa=X&ved=1t:57443&ictx=111","Directions","On-site services","",""
"Lauren's Nails","· Nail salon","4,0","(38)","More info","Reviews aren't verified by Google, but Google checks for and removes fake content when it's identified.","15+ years in business · Boston, MA, United States","· +1 617-973-9101","· Closes 7 pm","Open","","","https://www.google.com/maps/dir//Lauren's+Nails,+118+Charles+St+%232,+Boston,+MA+02114,+United+States/data=!4m6!4m5!1m1!4e2!1m2!1m1!1s0x89e3709f2b35bf27:0x23d9876990b9454f?sa=X&ved=1t:57443&ictx=111","Directions","","",""
"House of Nails","· Nail salon","4,2","(178)","More info","Reviews aren't verified by Google, but Google checks for and removes fake content when it's identified.","15+ years in business · Boston, MA, United States","· +1 617-569-0143","· Opens 9 am Tue","Closed","","","https://www.google.com/maps/dir//House+of+Nails,+1020+Bennington+St,+Boston,+MA+02128,+United+States/data=!4m6!4m5!1m1!4e2!1m2!1m1!1s0x89e371d6922ee2ad:0x85466fc468e3402b?sa=X&ved=1t:57443&ictx=111","Directions","On-site services","",""
"Luzes's Beauty Salon LLC","· Beauty salon","4,8","(49)","More info","Reviews aren't verified by Google, but Google checks for and removes fake content when it's identified.","5+ years in business · Boston, MA, United States","· +1 617-777-5656","· Closes 7 pm","Open","","","https://www.google.com/maps/dir//Luzes's+Beauty+Salon+LLC,+144+Chelsea+St,+Boston,+MA+02128,+United+States/data=!4m6!4m5!1m1!4e2!1m2!1m1!1s0x89e370445925b259:0x9bb231449d4177db?sa=X&ved=1t:57443&ictx=111","Directions","","",""
"Lash L'Amour Boston- Best of Boston Eyelash Extensions & Korean Lash Lift","· Eyelash salon","4,7","(179)","More info","Reviews aren't verified by Google, but Google checks for and removes fake content when it's identified.","Boston, MA, United States","· +1 617-247-1871","· Closes 6 pm","Open","http://www.lashlamour.com/","Website","https://www.google.com/maps/dir//Lash+L'Amour+Boston-+Best+of+Boston+Eyelash+Extensions+%26+Korean+Lash+Lift,+129+Newbury+St+%23201,+Boston,+MA+02116,+United+States/data=!4m6!4m5!1m1!4e2!1m2!1m1!1s0x89e37a0b83310f6f:0x68b90721255783f9?sa=X&ved=1t:57443&ictx=111","Directions","","",""
"Charlestown Nails & Spa","· Nail salon","4,3","(84)","More info","Reviews aren't verified by Google, but Google checks for and removes fake content when it's identified.","5+ years in business · Charlestown, MA, United States","· +1 617-242-2972","· 5 pm","Closes soon","https://www.google.com/maps/dir//Charlestown+Nails+%26+Spa,+318+Main+St,+Charlestown,+MA+02129,+United+States/data=!4m6!4m5!1m1!4e2!1m2!1m1!1s0x89e370eeabb20bbb:0x4708a01c6fe285d9?sa=X&ved=1t:57443&ictx=111","Directions","https://www.facebook.com/charlestownnailspa/","Website","On-site services not available","",""
"Roffi Salon & Day Spa Boston","· Nail salon","4,9","(54)","More info","Reviews aren't verified by Google, but Google checks for and removes fake content when it's identified.","15+ years in business · Boston, MA, United States","· +1 617-536-9600","· 5 pm","Closes soon","https://www.roffisalon.com/","Website","https://www.google.com/maps/dir//Roffi+Salon+%26+Day+Spa+Boston,+10+Newbury+St,+Boston,+MA+02116,+United+States/data=!4m6!4m5!1m1!4e2!1m2!1m1!1s0x89e37a0b811c1b29:0xcc76ff7eca094f7a?sa=X&ved=1t:57443&ictx=111","Directions","","",""
"Bromfield Nails","· Nail salon","3,6","(86)","More info","Reviews aren't verified by Google, but Google checks for and removes fake content when it's identified.","15+ years in business · Boston, MA, United States","· +1 617-542-0340","· Closes 6 pm","Open","","","https://www.google.com/maps/dir//Bromfield+Nails,+23+Bromfield+St,+Boston,+MA+02108,+United+States/data=!4m6!4m5!1m1!4e2!1m2!1m1!1s0x89e370836833f841:0xe591a004787c6035?sa=X&ved=1t:57443&ictx=111","Directions","On-site services","",""
"Nails by Tatyana at Roffi Salon","· Nail salon","4,3","(15)","More info","Reviews aren't verified by Google, but Google checks for and removes fake content when it's identified.","10+ years in business · Boston, MA, United States","· +1 617-861-7563","· Opens 9 am Tue","Closed","","","https://www.google.com/maps/dir//Nails+by+Tatyana+at+Roffi+Salon,+134+Newbury+St+%232,+Boston,+MA+02116,+United+States/data=!4m6!4m5!1m1!4e2!1m2!1m1!1s0x89e37a0b80de6c43:0x2e24c68d8801cf9a?sa=X&ved=1t:57443&ictx=111","Directions","","",""
"Le's Salon & Beauty","· Beauty salon","4,0","(233)","More info","Reviews aren't verified by Google, but Google checks for and removes fake content when it's identified.","15+ years in business · Boston, MA, United States","· +1 617-338-9898","· Closes 8 pm","Open","https://www.lesbeautysalon.com/","Website","https://www.google.com/maps/dir//Le's+Salon+%26+Beauty,+10+Kneeland+St,+Boston,+MA+02111,+United+States/data=!4m6!4m5!1m1!4e2!1m2!1m1!1s0x89e37a7784affba3:0xf7325473c5018ddc?sa=X&ved=1t:57443&ictx=111","Directions","","",""
"Arts Beauty Lounge","· Beauty salon","5,0","(113)","More info","Reviews aren't verified by Google, but Google checks for and removes fake content when it's identified.","10+ years in business · Boston, MA, United States","· +1 857-318-9661","· Opens 10 am Mon","Closed","http://artsbeautylounge.square.site/","Website","https://www.google.com/maps/dir//Arts+Beauty+Lounge,+41+Stillman+St,+Boston,+MA+02113,+United+States/data=!4m6!4m5!1m1!4e2!1m2!1m1!1s0x89e37734239417d7:0x154960de9ae780b8?sa=X&ved=1t:57443&ictx=111","Directions","","https://app.squareup.com/appointments/book/tnlsotfmhtn9yh/8WZF7WMFA46NM/start?rwg_token=AE37R_jCH4qRqmhMecxIJtP32cZWVkh-pmFLQ40l4rdzVC3Gpn-tc7mCMG6MAwP3aczhcyQh2L8bAjPuNK3fkceSsu0Sbm-YFg%3D%3D&source=cat","Schedule"
"Pink & Pretty","· Nail salon","4,2","(207)","More info","Reviews aren't verified by Google, but Google checks for and removes fake content when it's identified.","5+ years in business · Dorchester, MA, United States","· +1 617-822-3558","· Opens 10 am Tue","Closed","http://www.pinkandpretty.co/","Website","https://www.google.com/maps/dir//Pink+%26+Pretty,+107+Savin+Hill+Ave,+Dorchester,+MA+02125,+United+States/data=!4m6!4m5!1m1!4e2!1m2!1m1!1s0x89e37bab0da43039:0x4dff81604c1d807b?sa=X&ved=1t:57443&ictx=111","Directions","On-site services","https://pinkandpretty.glossgenius.com/services?rwg_token=AE37R_hVXnc1eISdt1Kf35o6XoDsR5_ge_yVVqvNqK9mjoVK6aMtTeEwkLSr2O-AcjEQaF0v03kyoGqiB4Dg6MQbCtqOZqUkdQ%3D%3D&source=cat","Schedule"
"Glitters","· Nail salon","4,2","(55)","More info","Reviews aren't verified by Google, but Google checks for and removes fake content when it's identified.","15+ years in business · Charlestown, MA, United States","· +1 617-242-6026","· Closes 6 pm","Open","","","https://www.google.com/maps/dir//Glitters,+265+Main+St,+Charlestown,+MA+02129,+United+States/data=!4m6!4m5!1m1!4e2!1m2!1m1!1s0x89e370ec1936f64b:0x20433d636dae2133?sa=X&ved=1t:57443&ictx=111","Directions","","",""
"Copa Cabana Beauty Salon","· Beauty salon","4,8","(60)","More info","Reviews aren't verified by Google, but Google checks for and removes fake content when it's identified.","7+ years in business · Boston, MA, United States","· +1 617-869-8035","· Opens 9 am Mon","Closed","","","https://www.google.com/maps/dir//Copa+Cabana+Beauty+Salon,+47+Bennington+St,+Boston,+MA+02128,+United+States/data=!4m6!4m5!1m1!4e2!1m2!1m1!1s0x89e370452555ff85:0xdd57f5d75fab123?sa=X&ved=1t:57443&ictx=111","Directions","","",""
"V&O Salon","· Hair salon","4,7","(154)","More info","Reviews aren't verified by Google, but Google checks for and removes fake content when it's identified.","7+ years in business · Boston, MA, United States","· +1 617-262-0137","· Closes 6 pm","Open","https://vosalonboston.com/","Website","https://www.google.com/maps/dir//V%26O+Salon,+132+Newbury+St+Fl+3,+Boston,+MA+02116,+United+States/data=!4m6!4m5!1m1!4e2!1m2!1m1!1s0x89e37a0c1079035f:0xec2a7ff2b8c0c2a1?sa=X&ved=1t:57443&ictx=111","Directions","On-site services","https://vosalonboston.com/?rwg_token=AE37R_g-baEM-MpCLzClUEvXIMVeYashSqPKFfR6nqXp4vZUzpwf6YOfSZugbfFyu57XV_lLqvKPd_jhsgT2p6W3d5QgPnvmtw%3D%3D&source=cat","Schedule"
"Soleil Tan & Spa","· Nail salon","4,7","(144)","More info","Reviews aren't verified by Google, but Google checks for and removes fake content when it's identified.","15+ years in business · Boston, MA, United States","· +1 617-269-8100","· Closes 7 pm","Open","https://www.google.com/maps/dir//Soleil+Tan+%26+Spa,+673+E+Broadway+%231,+Boston,+MA+02127,+United+States/data=!4m6!4m5!1m1!4e2!1m2!1m1!1s0x89e37a91e141424f:0x305b8a3c46a87b70?sa=X&ved=1t:57443&ictx=111","Directions","https://soleiltanspa.com/","Website","","",""
"Cambridge Nails Spa, Inc.","· Nail salon","3,4","(122)","More info","Reviews aren't verified by Google, but Google checks for and removes fake content when it's identified.","15+ years in business · Boston, MA, United States","· +1 617-523-1525","· Closes 7:30 pm","Open","http://www.cambridgenailsspa.com/","Website","https://www.google.com/maps/dir//Cambridge+Nails+Spa,+Inc.,+326+Cambridge+St,+Boston,+MA+02114,+United+States/data=!4m6!4m5!1m1!4e2!1m2!1m1!1s0x89e370990c9ede33:0xecdc993e5b7130b5?sa=X&ved=1t:57443&ictx=111","Directions","","",""
"Waterfront Nails Spa","· Nail salon","4,5","(64)","More info","Reviews aren't verified by Google, but Google checks for and removes fake content when it's identified.","Boston, MA, United States","· +1 857-449-6020","· Opens 9 am Mon","Closed","","","https://www.google.com/maps/dir//Waterfront+Nails+Spa,+12+Commercial+Wharf,+Boston,+MA+02110,+United+States/data=!4m6!4m5!1m1!4e2!1m2!1m1!1s0x89e37159848da4c5:0x90b3d802967c9c52?sa=X&ved=1t:57443&ictx=111","Directions","","",""
"Tanghulu Nails","· Nail salon","4,0","(126)","More info","Reviews aren't verified by Google, but Google checks for and removes fake content when it's identified.","Boston, MA, United States","· +1 347-828-2668","· Closes 9 pm","Open","https://tanghulu.us/","Website","https://www.google.com/maps/dir//Tanghulu+Nails,+251+Newbury+St,+Boston,+MA+02116,+United+States/data=!4m6!4m5!1m1!4e2!1m2!1m1!1s0x89e37b302cd5a423:0x89f0c888faea04fe?sa=X&ved=1t:57443&ictx=111","Directions","On-site services","",""
"The nail studio","· Nail salon","3,8","(87)","More info","Reviews aren't verified by Google, but Google checks for and removes fake content when it's identified.","5+ years in business · Boston, MA, United States","· +1 857-277-1641","· 5 pm","Closes soon","http://thenailstudio215.com/","Website","https://www.google.com/maps/dir//The+nail+studio,+215+Newbury+St+2nd+floor,+Boston,+MA+02116,+United+States/data=!4m6!4m5!1m1!4e2!1m2!1m1!1s0x89e37b32377678fd:0xe22b4f01e5aca569?sa=X&ved=1t:57443&ictx=111","Directions","On-site services","",""
"Sweet Nothing Spa","· Nail salon","4,8","(326)","More info","Reviews aren't verified by Google, but Google checks for and removes fake content when it's identified.","5+ years in business · Boston, MA, United States","· +1 781-428-4492","· Closes 9 pm","Open","https://www.sweetnothingspa.com/","Website","https://www.google.com/maps/dir//Sweet+Nothing+Spa,+115+Lewis+Wharf,+Boston,+MA+02110,+United+States/data=!4m6!4m5!1m1!4e2!1m2!1m1!1s0x89e371e0c7cf1447:0xe9acf17918bd405c?sa=X&ved=1t:57443&ictx=111","Directions","On-site services","https://www.vagaro.com/googlemap/U2FsdGVkX1~-AecZIWQWpOl8E-vYWpgbEco-bqw0ot4=/services?rwg_token=AE37R_g39TP1nCF2ASmUDbFqDo8yT35KHBQbQrPIwHgKToImuNH4wwEIGYqGeTqC52sEP3JVDUkkyBgHrVWnihRBApg2cerJtQ%3D%3D&source=cat","Schedule"
"Luxe Nails & CO","· Nail salon","4,0","(80)","More info","Reviews aren't verified by Google, but Google checks for and removes fake content when it's identified.","Boston, MA, United States","· +1 617-337-5015","· 5:30 pm","Closes soon","https://luxenailsandcoboston.com/","Website","https://www.google.com/maps/dir//Luxe+Nails+%26+CO,+15+Austin+St+space+e106,+Boston,+MA+02129,+United+States/data=!4m6!4m5!1m1!4e2!1m2!1m1!1s0x89e371c8f8ad82ef:0x16b4a91fb1b52dc1?sa=X&ved=1t:57443&ictx=111","Directions","","",""
"Bellissimo Nail & Spa","· Nail salon","4,2","(108)","More info","Reviews aren't verified by Google, but Google checks for and removes fake content when it's identified.","7+ years in business · Boston, MA, United States","· +1 617-530-1662","· 5 pm","Closes soon","https://bellissimonailspa.com/","Website","https://www.google.com/maps/dir//Bellissimo+Nail+%26+Spa,+12+Fleet+St,+Boston,+MA+02113,+United+States/data=!4m6!4m5!1m1!4e2!1m2!1m1!1s0x89e37089748d08cb:0x735066f5d0112583?sa=X&ved=1t:57443&ictx=111","Directions","","",""
"Ruby Nails","· Nail salon","4,3","(177)","More info","Reviews aren't verified by Google, but Google checks for and removes fake content when it's identified.","10+ years in business · Boston, MA, United States","· +1 617-859-0067","· Opens 10 am Mon","Closed","https://rubynailssalonboston.com/","Website","https://www.google.com/maps/dir//Ruby+Nails,+333+Massachusetts+Ave,+Boston,+MA+02118,+United+States/data=!4m6!4m5!1m1!4e2!1m2!1m1!1s0x89e37a174dfbd601:0xe04d2839e801bafa?sa=X&ved=1t:57443&ictx=111","Directions","","https://book.gocheckin.net/v3/nails/16403?rwg_token=AE37R_hsjNuF1iEB7Ejqlb3hF3UzDO1pbyjcGg46m_VyaAx61z0GwWm3MuNeteyYrm6g-wUjX9TqNPZ7NlrcOXw3c9hLg1gu7w%3D%3D&source=cat","Schedule"
"K-Beauty","· Nail salon","4,6","(83)","More info","Reviews aren't verified by Google, but Google checks for and removes fake content when it's identified.","20+ years in business · Boston, MA, United States","· +1 617-885-6678","· Opens 10 am Sun","Closed","http://www.kbeauty82.com/","Website","https://www.google.com/maps/dir//K-Beauty,+82+Essex+St+2nd+Floor,+Boston,+MA+02111,+United+States/data=!4m6!4m5!1m1!4e2!1m2!1m1!1s0x89e37b7c931e8c75:0x50b4df7f1e43c8ac?sa=X&ved=1t:57443&ictx=111","Directions","On-site services not available","https://www.fresha.com/book-now/k-beauty-qaesdt77/all-offer?id=2924730&pId=2827589&rwg_token=AE37R_glKXtOK2CTLD7JnxIzwjO5Sw3v8hvKjFJf7SCwxfw9_rvkfcI7JwzFPE4NylAv6_FnCRVFoepHjRSswySfGtDLI6n8QQ%3D%3D&source=cat","Schedule"
"City Nails & Spa","· Nail salon","3,9","(91)","More info","Reviews aren't verified by Google, but Google checks for and removes fake content when it's identified.","15+ years in business · Boston, MA, United States","· +1 617-988-8189","· Closes 6 pm","Open","https://www.google.com/maps/dir//City+Nails+%26+Spa,+1260+Washington+St,+Boston,+MA+02118,+United+States/data=!4m6!4m5!1m1!4e2!1m2!1m1!1s0x89e37a6e7f459bd5:0xbefcc8fa59211e10?sa=X&ved=1t:57443&ictx=111","Directions","","","","",""
"Assembly Nail Bar","· Nail salon","4,4","(80)","More info","Reviews aren't verified by Google, but Google checks for and removes fake content when it's identified.","3+ years in business · Boston, MA, United States","· +1 781-990-5052","· Closes 6:30 pm","Open","https://assemblynailbar.com/","Website","https://www.google.com/maps/dir//Assembly+Nail+Bar,+314+W+Broadway,+Boston,+MA+02127,+United+States/data=!4m6!4m5!1m1!4e2!1m2!1m1!1s0x89e37ba4ac6a62c1:0x3bb91f69783c9555?sa=X&ved=1t:57443&ictx=111","Directions","","https://onlinebooking.nailsolution.us/?storeKey=-N4c3G7ThxKh-rh1D59H&rwg_token=AE37R_hawmu57tHGxKWLUsmJs0jvMIX37TUKcwD8cO-eZeg2gPdH-TGSwuTWp5te5Pea7uUyGYF0-3uIzki-wz3_lFpx7T-ZfQ%3D%3D&source=cat","Schedule"
"Southie Nail Bar","· Nail salon","3,7","(206)","More info","Reviews aren't verified by Google, but Google checks for and removes fake content when it's identified.","5+ years in business · Boston, MA, United States","· +1 781-990-5333","· Closes 6:30 pm","Open","http://www.southienailsbar.com/","Website","https://www.google.com/maps/dir//Southie+Nail+Bar,+150+W+Broadway,+Boston,+MA+02127,+United+States/data=!4m6!4m5!1m1!4e2!1m2!1m1!1s0x89e37b97237ccd25:0xefe5a0224024817b?sa=X&ved=1t:57443&ictx=111","Directions","On-site services","https://onlinebooking.nailsolution.us/?storeKey=-M1gfR9g7xoJX9XDY2EG&rwg_token=AE37R_gikc6lkAomrDVYWmpDdhFF_JpLwJ_4IGAZb-iqVF_GZXfYSh4PXMY98ha55jXHo3-IEaTZBy2NysEJVzUp-eWTcJQkpA%3D%3D&source=cat","Schedule"
"Luxie nail spa","· Nail salon","4,0","(82)","More info","Reviews aren't verified by Google, but Google checks for and removes fake content when it's identified.","7+ years in business · Boston, MA, United States","· +1 857-239-8724","· 5:30 pm","Closes soon","","","https://www.google.com/maps/dir//Luxie+nail+spa,+85+Salem+St,+Boston,+MA+02113,+United+States/data=!4m6!4m5!1m1!4e2!1m2!1m1!1s0x89e371d92903670f:0x3be74428e9e35407?sa=X&ved=1t:57443&ictx=111","Directions","","",""
"SKY NAILS & SPA","· Nail salon","4,0","(115)","More info","Reviews aren't verified by Google, but Google checks for and removes fake content when it's identified.","10+ years in business · Boston, MA, United States","· +1 617-315-7344","· 5 pm","Closes soon","","","https://www.google.com/maps/dir//SKY+NAILS+%26+SPA,+447+W+Broadway,+Boston,+MA+02127,+United+States/data=!4m6!4m5!1m1!4e2!1m2!1m1!1s0x89e37a8bd549b453:0x78b1bf6ef6e82715?sa=X&ved=1t:57443&ictx=111","Directions","","",""
"More Amore European Nails","· Nail salon","4,6","(154)","More info","Reviews aren't verified by Google, but Google checks for and removes fake content when it's identified.","Boston, MA, United States","· +1 857-201-0604","· Opens 9 am Tue","Closed","http://www.moreamorenails.com/","Website","https://www.google.com/maps/dir//More+Amore+European+Nails,+477+Harrison+Ave,+Boston,+MA+02118,+United+States/data=!4m6!4m5!1m1!4e2!1m2!1m1!1s0x89e37bce44c1a7bd:0x554cdbfa62824a8e?sa=X&ved=1t:57443&ictx=111","Directions","On-site services","https://www.vagaro.com/googlemap/U2FsdGVkX1~mqdcY6VFfNLLr1sxSx-LhDMwwQqysSZM=/services?rwg_token=AE37R_iABGdTMtjKwFMrxnqoQfh1imFOoT2dxFUBwtEhNOT1zM7uigko555LKiBN3IXit5xLO6okBW2tB429fctpkcK3E7Giug%3D%3D&source=cat","Schedule"
"MiniLuxe Fenway","· Nail salon","4,2","(227)","More info","Reviews aren't verified by Google, but Google checks for and removes fake content when it's identified.","7+ years in business · Boston, MA, United States","· +1 617-963-7592","· 5 pm","Closes soon","https://miniluxe.com/pages/fenway","Website","https://www.google.com/maps/dir//MiniLuxe+Fenway,+18+Kilmarnock+St,+Boston,+MA+02215,+United+States/data=!4m6!4m5!1m1!4e2!1m2!1m1!1s0x89e379f5cc98e2cd:0xabb632e0e0d083c4?sa=X&ved=1t:57443&ictx=111","Directions","On-site services","https://miniluxe.zenoti.com/webstoreNew/services/23f4f5ba-5cb5-4789-9b2e-1968adc1ca35?merchantId=23f4f5ba-5cb5-4789-9b2e-1968adc1ca35&booking_source=booknow&booking_medium=google&rwg_token=AE37R_hr_RO0WTJ0pErJ_12QIwsCpQnzFsLWXAarzNOiNHru48YZJGt_GR_vbdNaGZ8C5w0erePafMQRwzWXBhO3HRj7z2gJ5A%3D%3D&source=cat","Schedule"
"MiniLuxe Brookline","· Nail salon","4,4","(282)","More info","Reviews aren't verified by Google, but Google checks for and removes fake content when it's identified.","Brookline, MA, United States","· +1 617-608-0009","· Closes 7 pm","Open","https://miniluxe.com/pages/brookline","Website","https://www.google.com/maps/dir//MiniLuxe+Brookline,+273+Harvard+St,+Brookline,+MA+02446,+United+States/data=!4m6!4m5!1m1!4e2!1m2!1m1!1s0x89e379c719ad5433:0xc71c3680a7621054?sa=X&ved=1t:57443&ictx=111","Directions","On-site services","https://miniluxe.zenoti.com/webstoreNew/services/c7e8011a-3d00-4c60-b1a4-9c446d166df7?merchantId=c7e8011a-3d00-4c60-b1a4-9c446d166df7&booking_source=booknow&booking_medium=google&rwg_token=AE37R_j5mfUNMFU9KAHTk3-8sp1SahOSj6CrTDqxXkTwl-A5jlDvrsXQa5yC4vfc7_jO-cqdKd_W4pgT5vrIGJrLJF4u9ampsg%3D%3D&source=cat","Schedule"
"Solar Lashes & Nails Spa","· Nail salon","4,3","(85)","More info","Reviews aren't verified by Google, but Google checks for and removes fake content when it's identified.","5+ years in business · Boston, MA, United States","· +1 617-450-0005","· 5 pm","Closes soon","https://solarlashesnailsspa.com/","Website","https://www.google.com/maps/dir//Solar+Lashes+%26+Nails+Spa,+150+Huntington+Ave+Ste+4,+Boston,+MA+02115,+United+States/data=!4m6!4m5!1m1!4e2!1m2!1m1!1s0x89e37b253e8d8aff:0x1a5b69b2da8b9ae6?sa=X&ved=1t:57443&ictx=111","Directions","","",""
"G2O Spa + Salon","· Hair salon","4,4","(493)","More info","Reviews aren't verified by Google, but Google checks for and removes fake content when it's identified.","30+ years in business · Boston, MA, United States","· +1 617-262-2220","· Closes 6 pm","Open","http://www.g2ospasalon.com/","Website","https://www.google.com/maps/dir//G2O+Spa+%2B+Salon,+33+Exeter+St,+Boston,+MA+02116,+United+States/data=!4m6!4m5!1m1!4e2!1m2!1m1!1s0x89e37a0fa35dde0d:0x96ffc96bcbea628b?sa=X&ved=1t:57443&ictx=111","Directions","","",""
"Fantasia Nails","· Nail salon","4,4","(173)","More info","Reviews aren't verified by Google, but Google checks for and removes fake content when it's identified.","15+ years in business · Boston, MA, United States","· +1 617-421-9669","","Open 24 hours","https://www.google.com/maps/dir//Fantasia+Nails,+492+Massachusetts+Ave,+Boston,+MA+02118,+United+States/data=!4m6!4m5!1m1!4e2!1m2!1m1!1s0x89e37a1689c4e05b:0x8c92fd78541fdbf4?sa=X&ved=1t:57443&ictx=111","Directions","","","On-site services","",""
"MiniLuxe South End","· Nail salon","4,6","(266)","More info","Reviews aren't verified by Google, but Google checks for and removes fake content when it's identified.","5+ years in business · Boston, MA, United States","· +1 617-684-1538","· 5 pm","Closes soon","https://miniluxe.com/pages/south-end","Website","https://www.google.com/maps/dir//MiniLuxe+South+End,+536+Tremont+St,+Boston,+MA+02116,+United+States/data=!4m6!4m5!1m1!4e2!1m2!1m1!1s0x89e37a6d9d5654b7:0x65dcbe2ee7a26022?sa=X&ved=1t:57443&ictx=111","Directions","","https://miniluxe.zenoti.com/webstoreNew/services/d5c384f0-3141-4813-8b76-500cfc5a703e?merchantId=d5c384f0-3141-4813-8b76-500cfc5a703e&booking_source=booknow&booking_medium=google&rwg_token=AE37R_jFUneS2Rqc3dBhdK_C8LQGKl46YYjYAGKglUj_DN1f_t1cohMqiOYbyqqAQAfDJqvkjDserPXMSstb12SQwXewkXGtOw%3D%3D&source=cat","Schedule"
"MiniLuxe Prudential Center","· Nail salon","4,2","(312)","More info","Reviews aren't verified by Google, but Google checks for and removes fake content when it's identified.","10+ years in business · Boston, MA, United States","· +1 617-684-2769","· Closes 6 pm","Open","https://miniluxe.com/pages/prudential-center","Website","https://www.google.com/maps/dir//MiniLuxe+Prudential+Center,+Prudential+Tower,+800+Boylston+St+%23800,+Boston,+MA+02199,+United+States/data=!4m6!4m5!1m1!4e2!1m2!1m1!1s0x89e37a0e490bdf9b:0x74cb0a6ddbf41506?sa=X&ved=1t:57443&ictx=111","Directions","On-site services","https://miniluxe.zenoti.com/webstoreNew/services/d9e03e84-0e23-4748-aff9-00ffe6fe8882?merchantId=d9e03e84-0e23-4748-aff9-00ffe6fe8882&booking_source=booknow&booking_medium=google&rwg_token=AE37R_iCHGSb-iG_Rf41KwDQhQPW4rMYMHa8TbGAoHBw2bH9hO7A83AdLC8k1JJQNp5diJKBDtPL0_l8q3DBJVVFBj1R2T2QZA%3D%3D&source=cat","Schedule"
"MiniLuxe Back Bay (31 Newbury)","· Nail salon","4,5","(397)","More info","Reviews aren't verified by Google, but Google checks for and removes fake content when it's identified.","7+ years in business · Boston, MA, United States","· +1 617-963-7594","· 5 pm","Closes soon","https://miniluxe.com/","Website","https://www.google.com/maps/dir//MiniLuxe+Back+Bay+(31+Newbury),+31+Newbury+St,+Boston,+MA+02116,+United+States/data=!4m6!4m5!1m1!4e2!1m2!1m1!1s0x89e37a74d7fcf7f1:0x9967654ac505feee?sa=X&ved=1t:57443&ictx=111","Directions","On-site services","https://miniluxe.zenoti.com/webstoreNew/services/e69554d5-e7d5-4e1e-bb76-c223d9e6635c?merchantId=e69554d5-e7d5-4e1e-bb76-c223d9e6635c&booking_source=booknow&booking_medium=google&rwg_token=AE37R_gsPHLX3eeM-8GCKUvmr_f03o-BNVNlXpc7rvkTROH9RKwkc9ZQTLC0Z0vG_X4Qwpu87HKUm-ms9_p5iNMsJWpxg-lULA%3D%3D&source=cat","Schedule"
"My Nail Salon","· Nail salon","4,1","(195)","More info","Reviews aren't verified by Google, but Google checks for and removes fake content when it's identified.","15+ years in business · Boston, MA, United States","· +1 617-424-6261","· Closes 6 pm","Open","http://www.mnsalons.com/","Website","https://www.google.com/maps/dir//My+Nail+Salon,+669+Tremont+St+%231,+Boston,+MA+02118,+United+States/data=!4m6!4m5!1m1!4e2!1m2!1m1!1s0x89e37a137a9ed875:0x92bd215c9f27422f?sa=X&ved=1t:57443&ictx=111","Directions","On-site services","",""
"Lan Nail Salon","· Nail salon","4,1","(135)","More info","Reviews aren't verified by Google, but Google checks for and removes fake content when it's identified.","15+ years in business · Boston, MA, United States","· +1 617-424-9977","· Closes 6 pm","Open","","","https://www.google.com/maps/dir//Lan+Nail+Salon,+583+Tremont+St,+Boston,+MA+02118,+United+States/data=!4m6!4m5!1m1!4e2!1m2!1m1!1s0x89e37a6d2f6fa8b9:0xce7d445d1a774c0?sa=X&ved=1t:57443&ictx=111","Directions","On-site services","",""
"Fashion Point Spa","· Nail salon","4,7","(373)","More info","Reviews aren't verified by Google, but Google checks for and removes fake content when it's identified.","5+ years in business · Boston, MA, United States","· +1 617-988-8888","· Closes 8 pm","Open","http://www.fashionpointspa.com/","Website","https://www.google.com/maps/dir//Fashion+Point+Spa,+214+Lincoln+St,+Boston,+MA+02111,+United+States/data=!4m6!4m5!1m1!4e2!1m2!1m1!1s0x89e37bd47b1ed9e1:0xd3e6a87fea44c446?sa=X&ved=1t:57443&ictx=111","Directions","On-site services","https://app.squareup.com/appointments/book/cd3drf9e143nbk/LVVGH4ZYFPS16/start?rwg_token=AE37R_jYOB_Sr6DKZiE2ECZK5268SdlvF8t3qrWmMHRAMzwe1vSXSsQFOzJt4nrFdo53Ot55JhZwsDr0HatDAuORnIIXh4hpyA%3D%3D&source=cat","Schedule"
"Beauty Nails & Spa","· Nail salon","4,5","(125)","More info","Reviews aren't verified by Google, but Google checks for and removes fake content when it's identified.","3+ years in business · East Boston, MA, United States","· +1 617-561-4664","· 5 pm","Closes soon","https://beautynailsnspaboston.com/","Website","https://www.google.com/maps/dir//Beauty+Nails+%26+Spa,+978+Saratoga+St,+East+Boston,+MA+02128,+United+States/data=!4m6!4m5!1m1!4e2!1m2!1m1!1s0x89e37135e5116e61:0x6585492ed74f83ef?sa=X&ved=1t:57443&ictx=111","Directions","","",""
"My ManiPedi Spa","· Nail salon","4,2","(74)","More info","Reviews aren't verified by Google, but Google checks for and removes fake content when it's identified.","15+ years in business · Boston, MA, United States","· +1 617-482-5550","· Closes 6 pm","Open","http://www.mnsalons.com/","Website","https://www.google.com/maps/dir//My+ManiPedi+Spa,+546+Tremont+St+A,+Boston,+MA+02116,+United+States/data=!4m6!4m5!1m1!4e2!1m2!1m1!1s0x89e37a6d721ceaf5:0x8d0ff4a2e4c83689?sa=X&ved=1t:57443&ictx=111","Directions","","",""
"Sola Salons","· Nail salon","4,9","(111)","More info","Reviews aren't verified by Google, but Google checks for and removes fake content when it's identified.","Boston, MA, United States","· +1 617-600-8202","· Closes 8 pm","Open","https://www.solasalonstudios.com/locations/boston-government-center?utm_source=gmb&utm_medium=organic","Website","https://www.google.com/maps/dir//Sola+Salons,+3+Center+Plz,+Boston,+MA+02108,+United+States/data=!4m6!4m5!1m1!4e2!1m2!1m1!1s0x89e37084e6364589:0x263dfeebf6c13fc6?sa=X&ved=1t:57443&ictx=111","Directions","On-site services","",""
"RelaxSation Massage Therapy & Nails","· Nail salon","4,8","(1K)","More info","Reviews aren't verified by Google, but Google checks for and removes fake content when it's identified.","10+ years in business · 25 Kingston St Lower Level","· +1 617-482-6800","· Closes 6 pm","Open","https://www.google.com/maps/dir//RelaxSation+Massage+Therapy+%26+Nails,+25+Kingston+St+Lower+Level,+Boston,+MA+02111,+United+States/data=!4m6!4m5!1m1!4e2!1m2!1m1!1s0x89e370828d23a5e1:0x509a86f2995c5a01?sa=X&ved=1t:57443&ictx=111","Directions","https://relaxsation.com/","Website","On-site services","",""
"Town Nail & Skin Salon At 99 Charles St","· Nail salon","4,3","(229)","More info","Reviews aren't verified by Google, but Google checks for and removes fake content when it's identified.","10+ years in business · Boston, MA, United States","· +1 617-248-0690","· Closes 6 pm","Open","https://townnail.com/","Website","https://www.google.com/maps/dir//Town+Nail+%26+Skin+Salon+At+99+Charles+St,+99+Charles+St+B,+Boston,+MA+02114,+United+States/data=!4m6!4m5!1m1!4e2!1m2!1m1!1s0x89e3709f2a37976b:0x8333178619d17604?sa=X&ved=1t:57443&ictx=111","Directions","On-site services","",""
"101 Gigi Nails & Spa","· Nail salon","4,6","(111)","More info","Reviews aren't verified by Google, but Google checks for and removes fake content when it's identified.","5+ years in business · Boston, MA, United States","· +1 617-777-8336","· Closes 6 pm","Open","https://101giginails.com/","Website","https://www.google.com/maps/dir//101+Gigi+Nails+%26+Spa,+101+Summer+St+%233,+Boston,+MA+02110,+United+States/data=!4m6!4m5!1m1!4e2!1m2!1m1!1s0x89e3716980f6ee95:0x963ae9f75d495723?sa=X&ved=1t:57443&ictx=111","Directions","On-site services","https://dashboard.boulevard.io/booking/businesses/52d47344-88e8-4363-a1e1-866071f6af90/widget?location_wl=2338584c-8b1e-4969-b373-a788e8e051a0&rwg_token=AE37R_g8Ksqs6ZVmW1pBy-IfOvgeC3zuWtpV8SiOtEsOm2JQhKSnyfeylYakIb7ky1iy0eaCnlgNFBTFl_DUb9oC7_wbgXOswA%3D%3D&source=cat","Schedule"
"The Nail Bar","· Nail salon","4,0","(562)","More info","Reviews aren't verified by Google, but Google checks for and removes fake content when it's identified.","5+ years in business · Boston, MA, United States","· +1 617-506-0714","· 5 pm","Closes soon","http://thenailbarboston.com/","Website","https://www.google.com/maps/dir//The+Nail+Bar,+6+District+Ave,+Boston,+MA+02125,+United+States/data=!4m6!4m5!1m1!4e2!1m2!1m1!1s0x89e37bb263a82a2b:0x3e987790d78f8795?sa=X&ved=1t:57443&ictx=111","Directions","On-site services","",""
"The Salon at Encore Boston Harbor","· Beauty salon","5,0","(90)","More info","Reviews aren't verified by Google, but Google checks for and removes fake content when it's identified.","7+ years in business · Everett, MA, United States","· +1 857-770-3900","· Closes 6 pm","Open","https://www.encorebostonharbor.com/amenities/the-salon","Website","https://www.google.com/maps/dir//The+Salon+at+Encore+Boston+Harbor,+1+Broadway,+Everett,+MA+02149,+United+States/data=!4m6!4m5!1m1!4e2!1m2!1m1!1s0x89e371ce6c98da6b:0xee4c5446170e82e6?sa=X&ved=1t:57443&ictx=111","Directions","","",""
"Miss Rainbow Nails Lounge","· Nail salon","4,7","(155)","More info","Reviews aren't verified by Google, but Google checks for and removes fake content when it's identified.","7+ years in business · Boston, MA, United States","· +1 857-390-0580","· Closes 6 pm","Open","https://www.missrainbowboston.com/","Website","https://www.google.com/maps/dir//Miss+Rainbow+Nails+Lounge,+1236B+Commonwealth+Ave,+Boston,+MA+02134,+United+States/data=!4m6!4m5!1m1!4e2!1m2!1m1!1s0x89e379d9fa2c4035:0xdab6d7fe9eaf8cbe?sa=X&ved=1t:57443&ictx=111","Directions","On-site services","https://www.fresha.com/book-now/miss-rainbow-nails-lounge-h5zghzg9/all-offer?id=722003&pId=678231&rwg_token=AE37R_iIEv_v4KbXIQHax07Wh7GtWQXz4y3HrbCXcW4_7sdCC5crRHO_rZjU1zB6AZjvwIxtuyKL0fFrHW6pxOge2B0yq-6R0g%3D%3D&source=cat","Schedule"
"Beauts & Co","· Nail salon","4,2","(100)","More info","Reviews aren't verified by Google, but Google checks for and removes fake content when it's identified.","7+ years in business · Boston, United Kingdom","· +44 1205 358603","· Opens 9 am Mon","Closed","","","https://www.google.com/maps/dir//Beauts+%26+Co,+17+Market+Pl,+Boston+PE21+6EH,+United+Kingdom/data=!4m6!4m5!1m1!4e2!1m2!1m1!1s0x48780a1590544b43:0x5a1d7a058c529821?sa=X&ved=1t:57443&ictx=111","Directions","On-site services","",""
"Teke's Nails","· Nail salon","4,3","(108)","More info","Reviews aren't verified by Google, but Google checks for and removes fake content when it's identified.","25+ years in business · Boston, MA, United States","· +1 617-720-2662","· Closes 7 pm","Open","https://www.tekesnails.com/","Website","https://www.google.com/maps/dir//Teke's+Nails,+82+Charles+St+%231,+Boston,+MA+02114,+United+States/data=!4m6!4m5!1m1!4e2!1m2!1m1!1s0x89e3709f20c005c9:0xd1d74c1633840ef8?sa=X&ved=1t:57443&ictx=111","Directions","On-site services","",""
"Cindy's Nails & Spa","· Nail salon","4,1","(375)","More info","Reviews aren't verified by Google, but Google checks for and removes fake content when it's identified.","15+ years in business · Boston, MA, United States","· +1 617-561-9960","· Closes 6 pm","Open","https://www.cindysnailsandspa.com/","Website","https://www.google.com/maps/dir//Cindy's+Nails+%26+Spa,+296+Bennington+St,+Boston,+MA+02128,+United+States/data=!4m6!4m5!1m1!4e2!1m2!1m1!1s0x89e37049aa961e6b:0xabd453a0bc5768fd?sa=X&ved=1t:57443&ictx=111","Directions","On-site services","",""
"Bella Santé Day Spa & Med Spa – Boston","· Nail salon","4,8","(613)","More info","Reviews aren't verified by Google, but Google checks for and removes fake content when it's identified.","30+ years in business · Boston, MA, United States","· +1 617-424-9930","· Closes 6 pm","Open","https://bellasante.com/?utm_source=GMB_boston&utm_medium=organic","Website","https://www.google.com/maps/dir//Bella+Sant%C3%A9+Day+Spa+%26+Med+Spa+%E2%80%93+Boston,+38+Newbury+St+2nd+Floor,+Boston,+MA+02116,+United+States/data=!4m6!4m5!1m1!4e2!1m2!1m1!1s0x89e37a74d81d4c1f:0xa02882d304947f1c?sa=X&ved=1t:57443&ictx=111","Directions","On-site services","https://na1.meevo.com/CustomerPortal/onlinebooking?tenantId=200196&LocationId=200860&meevo_channel=GoogleBookNow&utm_source=GMB&utm_medium=booknow&utm_campaign=meevo_onlinebooking&rwg_token=AE37R_jlOU4ea43zu1ZKCkXUdGeeIkwfcLzLTTycUIGwTLSmQXmYqSuY3BSu1jls7_C5vGTJ3JXkhaGvZcMjrMRfmS4UGhnzFw%3D%3D&source=cat","Schedule"
"Dluxe Nail Bar West","· Nail salon","4,5","(614)","More info","Reviews aren't verified by Google, but Google checks for and removes fake content when it's identified.","5+ years in business · Boston, MA, United States","· +1 617-315-7431","· Closes 6 pm","Open","https://www.google.com/maps/dir//Dluxe+Nail+Bar+West,+377+W+Broadway,+Boston,+MA+02127,+United+States/data=!4m6!4m5!1m1!4e2!1m2!1m1!1s0x89e37b63265a206b:0x6d7b831a2cc1c402?sa=X&ved=1t:57443&ictx=111","Directions","http://dluxebar.com/","Website","On-site services","",""
"Mysa Nail Bar","· Nail salon","4,8","(438)","More info","Reviews aren't verified by Google, but Google checks for and removes fake content when it's identified.","Boston, MA, United States","· +1 978-338-3789","· 5 pm","Closes soon","https://www.fresha.com/a/mysa-nail-bar-boston-746-e-broadway-y4bnzxdh/booking?allOffer=true&menu=true&pId=1054060","Website","https://www.google.com/maps/dir//Mysa+Nail+Bar,+746+E+Broadway,+Boston,+MA+02127,+United+States/data=!4m6!4m5!1m1!4e2!1m2!1m1!1s0x89e37b397845d89f:0x57c4339df33e8566?sa=X&ved=1t:57443&ictx=111","Directions","On-site services","https://www.fresha.com/book-now/lovely-nails-spa-adg0xgyw/all-offer?id=1372914&pId=1054060&rwg_token=AE37R_hvgUkt7EzDhXyMU8pT2vST8DisyKNrnGriyw7Q3qYGAnNubpTsF8f6pqTOFvknP7aPZOLuKDuhokIIHeF7d3fe0I7yug%3D%3D&source=cat","Schedule"
"La Belle Nail Salon & Spa","· Nail salon","4,5","(577)","More info","Reviews aren't verified by Google, but Google checks for and removes fake content when it's identified.","15+ years in business · Boston, MA, United States","· +1 617-292-3348","· 5 pm","Closes soon","http://labellenailsboston.com/","Website","https://www.google.com/maps/dir//La+Belle+Nail+Salon+%26+Spa,+32+Boylston+St,+Boston,+MA+02116,+United+States/data=!4m6!4m5!1m1!4e2!1m2!1m1!1s0x89e37a78be1ad61d:0x8481ddb178dd6a2?sa=X&ved=1t:57443&ictx=111","Directions","On-site services","https://onlinebooking.nailsolution.us/?storeKey=-NDnUWTxuYWDoIDyx85s&rwg_token=AE37R_gIVCAdhDHQdZUPvaUWuFV96zCuXBmg4o3YXuPzcI0aSLabZGZ1GEosKtp6emIUrMezZj0vqVgouCRhG8v6FoR36yWnLg%3D%3D&source=cat","Schedule"
"Pastel Nail Studio","· Nail salon","4,7","(528)","More info","Reviews aren't verified by Google, but Google checks for and removes fake content when it's identified.","Boston, MA, United States","· +1 617-752-4827","· 5 pm","Closes soon","http://www.pastelnailstudio.com/","Website","https://www.google.com/maps/dir//Pastel+Nail+Studio,+11+W+Broadway,+Boston,+MA+02127,+United+States/data=!4m6!4m5!1m1!4e2!1m2!1m1!1s0x89e37bdac50ce181:0xe14ba804a202811d?sa=X&ved=1t:57443&ictx=111","Directions","On-site services","https://www.fresha.com/book-now/pastel-nail-studio-n242tghs/all-offer?id=1260867&pId=1196723&rwg_token=AE37R_hUJThsquADa3sYCfZOjw7QPzKqj66uBKGyKNOFoIxRzUd60OWkEdgCPB8yIG9svmyiWrY8nGoO9PkT3lS2rVJxglRwBQ%3D%3D&source=cat","Schedule"
"Town Nail & Skin Salon At 336 Newbury St","· Nail salon","4,2","(562)","More info","Reviews aren't verified by Google, but Google checks for and removes fake content when it's identified.","20+ years in business · Boston, MA, United States","· +1 617-236-8089","· Closes 7 pm","Open","http://townnail.com/","Website","https://www.google.com/maps/dir//Town+Nail+%26+Skin+Salon+At+336+Newbury+St,+336+Newbury+St,+Boston,+MA+02115,+United+States/data=!4m6!4m5!1m1!4e2!1m2!1m1!1s0x89e37a05459627e5:0xcdf1e51b72242df6?sa=X&ved=1t:57443&ictx=111","Directions","On-site services","",""
"Nail'd It Southie","· Nail salon","4,5","(423)","More info","Reviews aren't verified by Google, but Google checks for and removes fake content when it's identified.","5+ years in business · Boston, MA, United States","· +1 617-315-7232","· 5 pm","Closes soon","http://www.nailditsouthie.com/","Website","https://www.google.com/maps/dir//Nail'd+It+Southie,+663+E+Broadway,+Boston,+MA+02127,+United+States/data=!4m6!4m5!1m1!4e2!1m2!1m1!1s0x89e37b72a44ed363:0x959f2ff7b9beb838?sa=X&ved=1t:57443&ictx=111","Directions","On-site services","https://www.fresha.com/book-now/naild-it-b2ruahqv/all-offer?id=435014&pId=405995&rwg_token=AE37R_jUnV9TKJa5gnHrp6XvjT9in1yTXBfHDYv6L6tKkF5t3kbXgEBsqW76h7aOvGqaYB6JFeOKMRXNHTo0aqXCChHRi77dsg%3D%3D&source=cat","Schedule"
"Venus Nails, Lashes & Spa","· Nail salon","4,5","(446)","More info","Reviews aren't verified by Google, but Google checks for and removes fake content when it's identified.","25+ years in business · Boston, MA, United States","· +1 617-536-3635","· Closes 6 pm","Open","http://venusnailsboston.com/","Website","https://www.google.com/maps/dir//Venus+Nails,+Lashes+%26+Spa,+585+Columbus+Ave,+Boston,+MA+02118,+United+States/data=!4m6!4m5!1m1!4e2!1m2!1m1!1s0x89e37a16e4c6b077:0x3cfa748be3ae88e7?sa=X&ved=1t:57443&ictx=111","Directions","On-site services","https://app.squareup.com/appointments/book/budjhdowjeeh6t/L3AGTVB72S0ES/start?rwg_token=AE37R_idGOAQA1V755e3YW7vi2mk4bfQ4h52Nls7FtJGaFi3ndS6uQISsv2yCBUYlyy5Rh7JQWqpjDgzFzO5vPcsc12ZydyOTA%3D%3D&source=cat","Schedule"
"My Nail Salon","· Nail salon","4,3","(370)","More info","Reviews aren't verified by Google, but Google checks for and removes fake content when it's identified.","15+ years in business · Boston, MA, United States","· +1 617-236-1440","· Closes 6 pm","Open","http://www.mnsalons.com/","Website","https://www.google.com/maps/dir//My+Nail+Salon,+261+W+Newton+St,+Boston,+MA+02116,+United+States/data=!4m6!4m5!1m1!4e2!1m2!1m1!1s0x89e37a11bdab5c9f:0x31b5074feda78307?sa=X&ved=1t:57443&ictx=111","Directions","On-site services","",""
"PS Nails & Spa Boston","· Nail salon","4,4","(247)","More info","Reviews aren't verified by Google, but Google checks for and removes fake content when it's identified.","30+ years in business · Boston, MA, United States","· +1 857-239-9031","· 5:30 pm","Closes soon","http://psnailsboston.com/","Website","https://www.google.com/maps/dir//PS+Nails+%26+Spa+Boston,+34+Gloucester+St,+Boston,+MA+02115,+United+States/data=!4m6!4m5!1m1!4e2!1m2!1m1!1s0x89e37a0f9b9bb267:0x2816a2c3492c9c1b?sa=X&ved=1t:57443&ictx=111","Directions","On-site services","https://onlinebooking.nailsolution.us/?storeKey=-MlVeAeWe-o5mzV9BNd_&rwg_token=AE37R_jrwnHNGmuWUA0PkBOIGPPC0mZqhpA9FeN_EiRwEKsgw6IIQqz7dCF8pHDmuIL-2ROa7xKqKAp7Z9iaLoFrwqhV1c5tSw%3D%3D&source=cat","Schedule"
"Boston Nail Bar","· Nail salon","4,1","(130)","More info","Reviews aren't verified by Google, but Google checks for and removes fake content when it's identified.","Cambridge, MA, United States","· +1 617-945-7430","· Closes 6 pm","Open","https://www.bostonnailbar.com/","Website","https://www.google.com/maps/dir//Boston+Nail+Bar,+14-A+Eliot+St,+Cambridge,+MA+02138,+United+States/data=!4m6!4m5!1m1!4e2!1m2!1m1!1s0x89e377b7be99339b:0x110cb2a3dab6acc8?sa=X&ved=1t:57443&ictx=111","Directions","","https://www.bostonnailbar.com/book-online?utm_source=google&utm_medium=book_button&utm_campaign=service_list&rwg_token=AE37R_jCH5N4bX5RCuTrOnlxcwjMx6oJLv0iyPYmOzhRfrYhGD3kBMSuRzeftQsd6IwfzTQ8XvPQ7-YtVfpQo5tPRCD9kPgT4g%3D%3D&source=cat","Schedule"
"Boston's Nails & Spa","· Nail salon","4,3","(897)","More info","Reviews aren't verified by Google, but Google checks for and removes fake content when it's identified.","10+ years in business · Boston, MA, United States","· +1 857-233-2325","· Closes 6 pm","Open","https://www.google.com/maps/dir//Boston's+Nails+%26+Spa,+665+Boylston+St+2nd+floor,+Boston,+MA+02116,+United+States/data=!4m6!4m5!1m1!4e2!1m2!1m1!1s0x89e37a0c182f37dd:0xa776aad2f26a05eb?sa=X&ved=1t:57443&ictx=111","Directions","http://www.bostonsnailsandspa.com/","Website","On-site services","",""
"She She Beauty-Nail & Lash Studio","· Nail salon","4,9","(247)","More info","Reviews aren't verified by Google, but Google checks for and removes fake content when it's identified.","Boston, MA, United States","· +1 617-851-9581","· Closes 8 pm","Open","https://book.squareup.com/appointments/sfdcbl3tyhs7lx/location/LFVT6X7J5CCD3/services?fbclid=PAAabdU6EF-Un6nxbfDtR5io0RjYuqFJIKqQtI0h0rnEGM-2d4z1fMryQWd6E_aem_AU2CryJ8ud8vGAC2BaR20EvWgCUmGbp7gxJ1RBdRc9Okj28UXZjfVECAbep1a0LaRVs","Website","https://www.google.com/maps/dir//She+She+Beauty-Nail+%26+Lash+Studio,+215+Hanover+St+Fl+3,+Boston,+MA+02113,+United+States/data=!4m6!4m5!1m1!4e2!1m2!1m1!1s0x8567e634bd55f7a1:0x97e07f1b8aca2ac4?sa=X&ved=1t:57443&ictx=111","Directions","On-site services","https://app.squareup.com/appointments/book/sfdcbl3tyhs7lx/LFVT6X7J5CCD3/start?rwg_token=AE37R_j9rjp15QeA474q1yp0P_Ss-TOcw9K11zwMpyJwixpQkXYzDslH10KSLoewxrFKIBqNosvdU9xXS35gRBGS5jcITlUKJQ%3D%3D&source=cat","Schedule"
"CiCi Nails Spa - Boston","· Nail salon","4,7","(41)","More info","Reviews aren't verified by Google, but Google checks for and removes fake content when it's identified.","Boston, MA, United States","· +1 617-356-2073","· Closes 6 pm","Open","https://cicinailsspa.com/","Website","https://www.google.com/maps/dir//CiCi+Nails+Spa+-+Boston,+21+Winter+Pl,+Boston,+MA+02108,+United+States/data=!4m6!4m5!1m1!4e2!1m2!1m1!1s0x89e3712132ceb257:0xde63f9bc0726bdb5?sa=X&ved=1t:57443&ictx=111","Directions","","",""
"Town Nails and Spa","· Nail salon","4,7","(512)","More info","Reviews aren't verified by Google, but Google checks for and removes fake content when it's identified.","10+ years in business · Boston, MA, United States","· +1 617-505-6539","· Closes 6 pm","Open","https://townnail.com/","Website","https://www.google.com/maps/dir//Town+Nails+and+Spa,+380+Commercial+St,+Boston,+MA+02109,+United+States/data=!4m6!4m5!1m1!4e2!1m2!1m1!1s0x89e371ffeab314b3:0xcb05b044b1e2cb0b?sa=X&ved=1t:57443&ictx=111","Directions","On-site services","",""
"DOWNTOWN NAILS & SPA LLC","· Nail salon","4,4","(353)","More info","Reviews aren't verified by Google, but Google checks for and removes fake content when it's identified.","15+ years in business · Boston, MA, United States","· +1 617-426-3806","· Closes 6 pm","Open","http://downtownnailsandspaboston.com/","Website","https://www.google.com/maps/dir//DOWNTOWN+NAILS+%26+SPA+LLC,+16+Temple+Pl,+Boston,+MA+02111,+United+States/data=!4m6!4m5!1m1!4e2!1m2!1m1!1s0x89e3709cd7e92cd5:0x1db607bb98dabc36?sa=X&ved=1t:57443&ictx=111","Directions","On-site services","",""
"Andrew Square Nails & Spa","· Nail salon","4,9","(219)","More info","Reviews aren't verified by Google, but Google checks for and removes fake content when it's identified.","South Boston, MA, United States","· +1 617-992-2606","· Closes 6 pm","Open","https://andrewsquarenailspasouthboston.com/","Website","https://www.google.com/maps/dir//Andrew+Square+Nails+%26+Spa,+574+Dorchester+Ave,+South+Boston,+MA+02127,+United+States/data=!4m6!4m5!1m1!4e2!1m2!1m1!1s0x89e37b394a98a797:0xb16b473bc2df5497?sa=X&ved=1t:57443&ictx=111","Directions","On-site services","https://book.gocheckin.net/v3/nails/19457?rwg_token=AE37R_hmOBawJzLY8LIU6HHjmngFiGw4xWAb6L6e-y1q4uGLAFWsS_BxCvY91ZojDqitlsbNw1RKl9VGjov8dfvMK-1msRWbMQ%3D%3D&source=cat","Schedule"
"Boston’s Nail Lounge","· Beauty salon","4,8","(88)","More info","Reviews aren't verified by Google, but Google checks for and removes fake content when it's identified.","Boston, MA, United States","· +1 857-449-0379","· Closes 6 pm","Open","https://www.bostonsnaillounge.com/","Website","https://www.google.com/maps/dir//Boston%E2%80%99s+Nail+Lounge,+667+Boylston+St+2nd+Floor,+Boston,+MA+02116,+United+States/data=!4m6!4m5!1m1!4e2!1m2!1m1!1s0x89e37bf9054127d9:0x2310087ae2e4dc58?sa=X&ved=1t:57443&ictx=111","Directions","","",""
"Treasured Hand Nails & Beauty Salon","· Nail salon","4,5","(662)","More info","Reviews aren't verified by Google, but Google checks for and removes fake content when it's identified.","7+ years in business · Boston, MA, United States","· +1 617-236-5529","· 5 pm","Closes soon","http://www.treasuredhandssalon.com/","Website","https://www.google.com/maps/dir//Treasured+Hand+Nails+%26+Beauty+Salon,+715+Boylston+St+Suite+220+2nd+Floor,+Boston,+MA+02116,+United+States/data=!4m6!4m5!1m1!4e2!1m2!1m1!1s0x89e37a0e9b370acf:0x732667b20042dc34?sa=X&ved=1t:57443&ictx=111","Directions","On-site services","https://dashboard.boulevard.io/booking/businesses/1af63388-9adc-4313-b474-1ab134f8b276/widget?location_wl=440c406c-f749-45c5-9b9b-21e988737f28&rwg_token=AE37R_jhlKxsPw4jBeLfEll-LlbYXlpR8sGLu4r7wsov0tpRbgTehnPTvp2ZSkQPYO1aTsEEX2CMCWCgX5xLIG5r0UoNm2NuMQ%3D%3D&source=cat","Schedule"
"The Best Nails Boston","· Nail salon","3,8","(281)","More info","Reviews aren't verified by Google, but Google checks for and removes fake content when it's identified.","3+ years in business · Boston, MA, United States","· +1 857-318-6821","· Closes 9 pm","Open","https://www.instagram.com/boston_the_best_nails/","Website","https://www.google.com/maps/dir//The+Best+Nails+Boston,+376+Boylston+St+Unit+503+5th+Floor,+Boston,+MA+02116,+United+States/data=!4m6!4m5!1m1!4e2!1m2!1m1!1s0x89e37b3122c93d8b:0x7e6dfd3d04c7071a?sa=X&ved=1t:57443&ictx=111","Directions","On-site services","",""
"Shape Nail Lab in Boston","· Nail salon","4,9","(694)","More info","Reviews aren't verified by Google, but Google checks for and removes fake content when it's identified.","Jamaica Plain, MA, United States","· +1 617-487-5226","· 5 pm","Closes soon","https://shapenaillab.com/","Website","https://www.google.com/maps/dir//Shape+Nail+Lab+in+Boston,+39+S+Huntington+Ave,+Jamaica+Plain,+MA+02130,+United+States/data=!4m6!4m5!1m1!4e2!1m2!1m1!1s0x89e3794c29cd18d5:0x5b29b63dddefd39c?sa=X&ved=1t:57443&ictx=111","Directions","On-site services","",""
"","","","","","","","","","","","","","","","",""