site,emails
hotaku.fun,
greenviewlabs.com,
richmondrevival.com,
darkhive.ai,
dandelionhealth.ai,user@domain.com
parcelbio.com,info@parcelbio.com
moshlife.com,hi@moshlife.com
powerfactors.com,hello@powerfactors.com
astrocade.com,support@astrocade.com
brandcapsule.ai,hello@brandcapsule.ai
lenose.com,hello@lenose.com
saltbox.com,"info@Saltbox.com, info@saltbox.com, marketing@saltbox.com, support@saltbox.com"
easywin.network,
flowprompt.ai,info@flowprompt.ai
anagramtx.com,info@anagramtx.com
pumpkinseed.bio,"hello@pumpkinseed.bio, info@pumpkinseed.bio, user@domain.com"
astrada.co,jane@company.com
forml.ai,
sierra.ai,jess@acme.co
elastics.ai,
seedlicapital.com,"18d2f96d279149989b95faf0a4b41882@sentry-next.wixpress.com, 5d1795a2db124a268f1e1bd88f503500@sentry.wixpress.com, 605a7baede844d278b89dc95ae0a9123@sentry-next.wixpress.com, 78f7996315bc402f9dcb8a2f974b82d1@sentry.wixpress.com, 79baaa8e09c746d2b7401643b99792e0@sentry.wixpress.com, 9a65e97ebe8141fca0c4fd686f70996b@sentry.wixpress.com, info@seedlicapital.com"
mothergames.com,
modicusprime.com,
atlasasphalt.com,liam@atlasasphalt.com
petiterivierefarm.ca,"email@example.com, user@domain.com"
artscafespringville.com,ArtsCafeSpringville@gmail.com
travv.com,"jane@hospital.com, support@travv.com"
refibuy.ai,
pacifichybreed.com,
palmrepublicrum.com,brad@palmrepublicrum.com
celadyne.com,
ourkindra.com,"hello@ourkindra.com, help@ourkindra.com, partnerships@ourkindra.com"
venusaero.com,careerassistance@venusaero.com
moritzlegal.com,
astranis.com,pr@astranis.com
fathomhealth.com,
inflam.com,TherapeuticsInfo@inflam.com
commissioningagents.com,
powerhrg.com,
gopassage.com,
