site,emails
http://www.pelikan.se/,info@pelikan.se
http://www.woodstockholm.com/,reservations@woodstockholm.com
http://www.restaurangkrypin.se/,
https://www.restaurangtradition.se/,25gamlastan@restaurangtradition.se
https://www.kvarnen.com/?utm_source=google,"Ja@..Tlfir, bokabord@kvarnen.com, e@e.Yt, bokabord@kvarnen.comRead"
http://www.esperia.nu/,"info@esperia.nu, bokning@esperia.nu"
http://stockholmsgastabud.se/,
http://bla-dorren.se/,
http://www.beyondsmak.se/,"order@beyondsmak.se, services@beyondsmak.se"
https://www.ostgotakallaren.se/?utm_source=google,info@ostgotakallaren.se
https://www.google.com/aclk?sa=L&ai=DChsSEwigzYyXtN2PAxV6p_0FHdpQJK0YACICCAEQABoCd2Y&co=1&gclid=EAIaIQobChMIoM2Ml7TdjwMVeqf9BR3aUCStEBAYASAAEgLDcvD_BwE&cce=2&sig=AOD64_27hWncTtzo_AztMdp-e4OoaO1utw&q=&ctype=99&ved=2ahUKEwjzhYiXtN2PAxV4UaQEHSEKF_U4ChCb2gx6BAgmEBA&adurl=,
https://greasyspoon.se/,
https://hermans.se/,
https://www.opizzicato.se/,"info@opizzicato.se, ossinfo@opizzicato.se"
http://restaurangmaestro.se/,info@restaurangmaestro.se
https://akkurat.se/?utm_source=google,
https://punkroyale.com/sv/start/,"specialdiet.stockholm@punkroyale.com, groups.oslo@punkroyale.com, specialdiet.london@punkroyale.com, info@punkroyale.com, groups.copenhagen@punkroyale.com, groups.stockholm@punkroyale.com, specialdiet.oslo@punkroyale.com, KontaktStockholminfo@punkroyale.com, Osloreservation.oslo@punkroyale.com, specialdiet.copenhagen@punkroyale.com, penhamnreservation.copenhagen@punkroyale.com, groups.london@punkroyale.com, benhavnreservation.copenhagen@punkroyale.com, london@punkroyale.com"
https://www.patsplace.se/,
http://falloumi.se/start.html,mjg@hV.CBk
http://nytorget6.com/,hov@nytorget6.com
https://meatball.se/?utm_source=google,meatballs@bockholmengruppen.com
http://www.tresanti.se/,info@tresanti.se
http://www.matbod.se/sodermalm/,hovsoder@matbod.se
http://www.delidiluca.se/,info@delidiluca.se
http://www.checa.se/,"n@T.hp, info@checa.sePhone, checastockholm@icloud.com"
https://www.alskadetraditioner.se/,alskadeisofo@gmail.com
https://www.raouche.se/?utm_source=google,boka@raouche.se
http://www.stekpannan.com/,
https://www.triton.restaurant/,kontakt@triton.restaurant
https://tabbouli.eu/vara-restauranger/soder/?utm_source=google,"Stockholmdjurgarden@tabbouli.euBook, Stockholmsoder@tabbouli.euBook, tabbouli.eucity@tabbouli.euUrval, kungsholmen@tabbouli.euDjurg, djurgarden@tabbouli.euV, tabbouli.eucity@tabbouli.euGalleriShow, n.kungsholmen@tabbouli.eusoder, kungsholmen@tabbouli.eusoder, city@tabbouli.euV, 304city@tabbouli.euRegeringsgatan, negatan@tabbouli.euSk, Stockholmsoder@tabbouli.euBoka, tabbouli.eucity@tabbouli.euOm, tabbouli.eucity@tabbouli.euGalleryShow, Stockholmcity@tabbouli.euBoka, 00kungsholmen@tabbouli.euNorra, 55soder@tabbouli.euTavastgatan, tabbouli.eucity@tabbouli.euSelection, tabbouli.eucity@tabbouli.euUppt, Stockholmcity@tabbouli.euBook, soder@tabbouli.euKungsholmenAdress, djurgarden@tabbouli.euCityAdress, soder-skanegatan@tabbouli.euV, tabbouli.eucity@tabbouli.euDiscover, catering.kungsholmen@tabbouli.eusoder, soder@tabbouli.euV, 87djurgarden@tabbouli.euSirishovsv, Stockholmdjurgarden@tabbouli.euBoka, city@tabbouli.euOm"
https://capricci.se/,
http://www.falafelbaren.se/,info@falafelbaren.se
http://cong.se/,
https://aleksfilip.se/?utm_source=google,"KONTAKTinfo@aleksfilip.se, info@aleksfilip.se"
http://www.thehairypig.com/,
https://xn--thebridgesdermalm-8zb.se/,
https://www.timmermans1857.se/?utm_source=google,info@timmermans1857.se
https://www.vietkitchen.se/,vietkitchen.stock@gmail.com
https://www.reggevhummus.se/?utm_source=google,"2reggevhummus@gmail.comReggev, reggevhummus@gmail.com, reggevhummus@gmail.comKontakta"
http://bistrobananas.se/,"storasallskap@bistroleoparden.seF, info@bistrobananas.se"
http://www.urbandeli.se/nytorget,
http://www.celesterestaurant.se/?utm_source=google,"info@celesterestaurant.seEtoileAvsmakningsmenyKom, info@celesterestaurant.se"
http://frankysburger.se/,"36soder@frankysburger.se, 16info@frankysburger.se"
https://invece.se/,reservation@invece.se
http://kalfochhansen.se/,"Hansenrune@kalf-hansen.com, 51mariatorget@kalfochhansen.seM, 70bolindersplan@kalfochhansen.seMonday, Hansenelise@kalfochhansen.seMer, fabian@kalf-hansen.comMer, 51mariatorget@kalfochhansen.seMonday, info@kalfochhansen.se, Hansenelise@kalfochhansen.seRune, 70bolindersplan@kalfochhansen.seM, 51mariatorget@kalfochhansen.se, 70bolindersplan@kalfochhansen.se, catering@kalfochhansen.se, catering@kalfochhansen.seYou"
https://www.mazraa.se/,"info@mazraa.seF, bordinfo@mazraa.se"
http://www.paganini.nu/,reservation@paganini.nu
https://www.meetballsandpancakes.com/,Contactinfo@evasbakery.se
http://www.mamawolf.nu/,
http://www.ringkatarina.se/,hej@ringkatarina.se
https://www.laperla-ingrosso.com/s-dermalm?utm_source=google,"36E-postsodermalm@laperla-ingrosso.com, sodermalm@laperla-ingrosso.com, 702Emailcanbarbara@laperla-ingrosso.com"
http://indio.se/kitchen/,kitchen@indio.se
https://koketvidbordet.se/,info@koketvidbordet.se
http://theholycow.se/,
http://www.gazzasthlm.se/,info@gazzasthlm.se
http://bistrobohemesoder.se/,info@bistrobohemesoder.se
http://www.cykelcafe.se/,info@cykelcafe.se
https://www.elies.se/?utm_source=google,
http://www.restaurangnostrano.com/,35info@nostrano.se
http://barrels.se/,"info@barrels.se, info@stigbergetsfot.se, info@tritonia.se"
http://laneta.se/,
http://www.barobao.com/,
http://www.racamaca.se/,restaurangen@racamaca.se
https://www.lapiccolanonna.se/,
https://legumes.se/,
http://www.daluigi.se/,Da.luigi@hotmail.com
https://heatrestauranger.se/heat-sodermalm/,"eskilstuna@heatrestauranger.se, vasby@heatrestauranger.se, akalla@heatrestauranger.se, Framrebolanderna@heatrestauranger.se, fyrislund@heatrestauranger.se, hyllie@heatrestauranger.se, stamgast@heatrestauranger.se, sundsvall@heatrestauranger.se, malmo@heatrestauranger.se"
https://www.brisketandfriends.se/?utm_source=google,"wilhelm@brisketandfriends.se, tor@brisketandfriends.se, bookinggbg@brisketandfriends.se, linkoping@brisketandfriends.se, linus@brisketandfriends.se, natasha@brisketandfriends.se, niklas@brisketandfriends.se, ludvig@brisketandfriends.se, peter.larsen@brisketandfriends.se, kristoffer@brisketandfriends.se, joakim@brisketandfriends.se"
https://eatnam.se/?utm_source=google,"event@eatnam.se, datainspektionen@datainspektionen.se, info@eatnam.se"
https://www.kvartersmenyguiden.se/stockholm/sodermalm/parma-pizzeria,"info@granada.se, info@guidetostockholm.se.Just, info@simplecafe.seAdress, info@guidetostockholm.se, restaurangistanbulgrill@gmail.com, sushimotto@hotmail.com"
https://hornsgatankvarterskrog.com/?utm_source=google,hornsgatan@bockholmengruppen.com
https://exitloungebar.se/?utm_source=google,info@exitloungebar.se
https://www.misterplankstek.se/,"sentKONTAKTmisterplankstek@gmail.com, misterplankstek@gmail.comEntr"
https://www.hollybush.se/?utm_source=google,hollybushsodermalm@gmail.com
https://bit.ly/46e40Tp,sodermalm@restaurant-nor.com
http://madamsthlm.se/,"gustav@madamsthlm.se, info@madamsthlm.se"
https://www.nakedfish.se/?utm_source=google,
http://www.bistrosud.com/,
https://www.birdsthlm.com/bird-soder,"Stockholminfo@birdsthlm.se, info@birdsthlm.se"
https://milosrestaurang.se/,info@milosrestaurang.se
http://www.omnipolloshatt.com/,
https://nofohotel.se/wine-bar/,
https://mikkeller.com/locations/mikkeller-soedermalm,"HopHideouthophideout@gmail.comShipley, aarsdale@mikkeller.dk, info@mikkeller.dk, 2ABergenrasmusmontanus@gmail.comFacebookhttps, HopHideouthophideout@gmail.comSheffieldCaptain, 5000mrcadelaide@hotmail.comFacebookInstagramOfficeMikkeller, 33227997info@mikkeller.dkWarehouseMikkeller, 5000mrcadelaide@hotmail.comFacebookhttps, mrc@mikkeller.dk, mrchaslev@gmail.com, 1Y2cheers@runtobeer.caTorontoThe, press@mikkeller.dkListen, 2ABergenrasmusmontanus@gmail.comFacebookInstagramBerlin, anders@mikkeller.seRecent, 1Y2cheers@runtobeer.caVancouver"
https://theborder.se/,
https://boogotgatan.gastrogate.com/?utm_source=google,info@booburgers.se
