"OSrXXb","rllt__details","yi40Hd","RDApEe","E4EMe","E4EMe 2","rllt__details 2","phone","rllt__details 4","rllt__details 5","ncRHuf","website","QuU3Wb","yYlJEf href 2","QuU3Wb 2"
"J Lawn Care LLC","· Lawn care service","5,0","(115)","More info","Reviews aren't verified by Google, but Google checks for and removes fake content when it's identified.","5+ years in business","· +1 443-220-9528","· Closes 8 pm","Open","Online estimates","http://jlawncare.org/","Website","",""
"Organic Lawns","· Lawn care service","4,9","(451)","More info","Reviews aren't verified by Google, but Google checks for and removes fake content when it's identified.","30+ years in business · Baltimore, MD, United States","· +1 410-536-5800","· Closes 7 pm","Open","On-site services","https://www.organiclawns.net/","Website","https://www.google.com/maps/dir//Organic+Lawns,+4800+Benson+Ave,+Baltimore,+MD+21227,+United+States/data=!4m6!4m5!1m1!4e2!1m2!1m1!1s0x89c81cffe28efad3:0x8f26dda711fc4ef8?sa=X&ved=1t:57443&ictx=111","Directions"
"Lawn Love Lawn Care of Baltimore","· Lawn care service","4,4","(382)","More info","Reviews aren't verified by Google, but Google checks for and removes fake content when it's identified.","10+ years in business","· +1 410-469-7204","· Closes 10 pm","Open","Online estimates","https://lawnlove.com/maryland/baltimore-lawn-care?utm_source=Google&utm_medium=Places&utm_campaign=Baltimore","Website","",""
"Ground Control Lawn Care","· Lawn care service","4,8","(87)","More info","Reviews aren't verified by Google, but Google checks for and removes fake content when it's identified.","10+ years in business","· +1 443-520-5646","· Closes 5 pm","Open","","https://gclawncare.com/","Website","",""
"Green Thumb Yard Care, LLC","· Landscaper","4,8","(42)","More info","Reviews aren't verified by Google, but Google checks for and removes fake content when it's identified.","10+ years in business · Baltimore, MD, United States","· +1 410-417-8525","· Closes 4 pm","Open","","http://greenthumbyardcare.com/","Website","https://www.google.com/maps/dir//Green+Thumb+Yard+Care,+LLC,+5702+Branch+Ave,+Baltimore,+MD+21206,+United+States/data=!4m6!4m5!1m1!4e2!1m2!1m1!1s0x89c80edbc3d58fcb:0x651def3c0477581?sa=X&ved=1t:57443&ictx=111","Directions"
"Verde’s Lawncare & Services","· Lawn care service","5,0","(45)","More info","Reviews aren't verified by Google, but Google checks for and removes fake content when it's identified.","· +1 443-337-3230","","· Closes 8 pm","Open","","https://www.verdeslawncare.com/","Website","",""
"LawnStarter Lawn Care Service","· Lawn care service","4,2","(435)","More info","Reviews aren't verified by Google, but Google checks for and removes fake content when it's identified.","10+ years in business · Baltimore, MD, United States","· +1 410-885-4308","· Closes 10 pm","Open","","https://www.lawnstarter.com/baltimore-md-lawn-care?utm_source=google&utm_medium=GLocal&utm_campaign=BaltimoreGLocal","Website","https://www.google.com/maps/dir//LawnStarter+Lawn+Care+Service,+1720+Fleet+St+C,+Baltimore,+MD+21231,+United+States/data=!4m6!4m5!1m1!4e2!1m2!1m1!1s0x89c803807cac5671:0x3fa8dd761f18445b?sa=X&ved=1t:57443&ictx=111","Directions"
"Knott's Lawn Service","· Lawn care service","5,0","(535)","More info","Reviews aren't verified by Google, but Google checks for and removes fake content when it's identified.","3+ years in business","· +1 443-805-8982","· Closes 7 pm","Open","","https://www.facebook.com/knottslawnservice/","Website","",""
"Plowz & Mowz of Baltimore - Lawn Care Services","· Lawn care service","5,0","(2)","More info","Reviews aren't verified by Google, but Google checks for and removes fake content when it's identified.","5+ years in business · Baltimore, MD, United States","· +1 800-489-8128","","Open 24 hours","","https://www.plowzandmowz.com/md/best-residential-lawn-care-landscaping-in-baltimore/","Website","https://www.google.com/maps/dir//Plowz+%26+Mowz+of+Baltimore+-+Lawn+Care+Services,+405+S+Patterson+Park+Ave,+Baltimore,+MD+21231,+United+States/data=!4m6!4m5!1m1!4e2!1m2!1m1!1s0x89c805bf7dcdb5c9:0xe6d2a42f288f72f0?sa=X&ved=1t:57443&ictx=111","Directions"
"Core Aeration and Lawn Services, LLC","· Lawn care service","5,0","(188)","More info","Reviews aren't verified by Google, but Google checks for and removes fake content when it's identified.","5+ years in business","· +1 443-851-0993","· Closes 5 pm","Open","","http://www.coreaerationmd.com/","Website","",""
"The Top Team","· Lawn care service","4,9","(152)","","","3537 Legend Oaks Road","· (240) 542-8770","· Closes 7 pm","Open","","https://www.google.com/aclk?sa=L&ai=DChsSEwj9xbH9__KVAxWwFaIDHckSMhcYACICCAEQABoCbGU&co=1&ase=2&gclid=Cj0KCQjwg5zTBhCLARIsAP2AFU7WFVoISanNw75RPn9dl9tIUGiAuYTCAmLcXYgozb9yBEZQuy_KEA4aAseCEALw_wcB&cce=2&category=acrcp_v1_32&sig=AOD64_0asdtHyxAsYOqRPXTaKMlG6ZOgKw&q=&nis=4&ctype=99&ved=2ahUKEwiK16v9__KVAxXyHRAIHR-YGzcQhKwBegQIJBAQ&adurl=","Website","https://www.google.com/aclk?sa=L&ai=DChsSEwj9xbH9__KVAxWwFaIDHckSMhcYACICCAEQBxoCbGU&co=1&ase=2&gclid=Cj0KCQjwg5zTBhCLARIsAP2AFU5CbBQzA4lnTCDol0w01q5zQPWTTMKNUhVlqAQUT7KJzWhNDNcGCHEaAhHOEALw_wcB&cce=2&category=acrcp_v1_32&sig=AOD64_16N0zAW5To3YmzRK4DV8s3k-NAYg&ctype=50&q=&ved=2ahUKEwiK16v9__KVAxXyHRAIHR-YGzcQhawBegQIJBAS&adurl=","Directions"
"","","","","","","","","","","","","","",""
"The Top Team","· Lawn care service","4,9","(152)","","","3537 Legend Oaks Road","· (240) 542-8770","· Closes 7 pm","Open","","https://www.google.com/aclk?sa=L&ai=DChsSEwjri_GfgvOVAxXeAKIDHeIRDa8YACICCAEQARoCbGU&co=1&ase=2&gclid=Cj0KCQjwg5zTBhCLARIsAP2AFU422VFt-xWUs02wLSjp0jSV9zqbGVfet1aMR08_cnryB1La9aTd5RoaAvkSEALw_wcB&cce=2&category=acrcp_v1_32&sig=AOD64_0b_lOzR1e5SB3saIrO9fholp_OXA&q=&nis=4&ctype=99&ved=2ahUKEwi_3OufgvOVAxV1QVUIHaAeCaE4ChCErAF6BAggEA8&adurl=","Website","https://www.google.com/aclk?sa=L&ai=DChsSEwjri_GfgvOVAxXeAKIDHeIRDa8YACICCAEQBRoCbGU&co=1&ase=2&gclid=Cj0KCQjwg5zTBhCLARIsAP2AFU5cuElFDyo2VD4lzf5q7TUesGNb0WwHmPI5Y6Wvk1GbE4ndS-nfLiYaAnr3EALw_wcB&cce=2&category=acrcp_v1_32&sig=AOD64_0P_FTHyMcR-hAAqwoiZvMOMCWKOg&ctype=50&q=&ved=2ahUKEwi_3OufgvOVAxV1QVUIHaAeCaE4ChCFrAF6BAggEBE&adurl=","Directions"
"Green Heaven Lawn Care & Snow Removal Services LLC","· Lawn care service","5,0","(144)","More info","Reviews aren't verified by Google, but Google checks for and removes fake content when it's identified.","7+ years in business","· +1 443-722-9865","· Closes 7 pm","Open","","https://greenheaven-lawn.com/","Website","",""
"Just-In Time Lawn Maintenance","· Lawn care service","4,9","(67)","More info","Reviews aren't verified by Google, but Google checks for and removes fake content when it's identified.","7+ years in business","· +1 443-632-5020","· Closes 6 pm","Open","","https://www.justintimelawnmaintenance.com/?utm_source=gbp&utm_medium=local","Website","",""
"Wolfpack Lawn & Landscaping","· Lawn care service","4,9","(45)","More info","Reviews aren't verified by Google, but Google checks for and removes fake content when it's identified.","7+ years in business","· +1 443-810-4371","· Closes 5 pm","Open","Online estimates","http://wolfpackll.com/","Website","",""
"Pro Lawn Plus","· Lawn care service","4,7","(107)","More info","Reviews aren't verified by Google, but Google checks for and removes fake content when it's identified.","45+ years in business · Baltimore, MD, United States","· +1 410-825-8873","· Closes 3:30 pm","Open","","http://www.prolawnplus.com/","Website","https://www.google.com/maps/dir//Pro+Lawn+Plus,+1406+Shoemaker+Rd,+Baltimore,+MD+21209,+United+States/data=!4m6!4m5!1m1!4e2!1m2!1m1!1s0x89c8100de8e621bd:0xa660640a477e5251?sa=X&ved=1t:57443&ictx=111","Directions"
"Fall Green Lawn Services","· Landscaper","4,5","(87)","More info","Reviews aren't verified by Google, but Google checks for and removes fake content when it's identified.","10+ years in business","· +1 443-721-0019","· Closes 8 pm","Open","","http://fallgreenlawn.com/","Website","",""
"Bio Green of Baltimore","· Lawn care service","4,9","(42)","More info","Reviews aren't verified by Google, but Google checks for and removes fake content when it's identified.","10+ years in business · Baltimore, MD, United States","· +1 443-615-9882","· Closes 5 pm","Open","On-site services","http://www.baltimore.biogreen.com/","Website","https://www.google.com/maps/dir//Bio+Green+of+Baltimore,+9613C+Harford+Rd+%23198,+Baltimore,+MD+21234,+United+States/data=!4m6!4m5!1m1!4e2!1m2!1m1!1s0x89c808b718942847:0x95d4ec6d7f0a7d37?sa=X&ved=1t:57443&ictx=111","Directions"
"MD Lawn Care & Landscaping","· Lawn care service","4,9","(101)","More info","Reviews aren't verified by Google, but Google checks for and removes fake content when it's identified.","10+ years in business · Elkridge, MD, United States","· +1 410-660-0425","· Closes 10 pm","Open","On-site services","http://mdlawncareandlandscaping.com/","Website","https://www.google.com/maps/dir//MD+Lawn+Care+%26+Landscaping,+5993+Sandy+Ridge,+Elkridge,+MD+21075,+United+States/data=!4m6!4m5!1m1!4e2!1m2!1m1!1s0x4a1bbcc581592de5:0x7eeaa6246aca5638?sa=X&ved=1t:57443&ictx=111","Directions"
"Chase Lawn Care snow/ice serivces LLC","· Lawn care service","4,9","(56)","More info","Reviews aren't verified by Google, but Google checks for and removes fake content when it's identified.","7+ years in business","· +1 240-517-4420","","Open 24 hours","Online estimates","https://chaselawncaremd.com/","Website","",""
"Edward's","· Lawn care service","4,6","(259)","More info","Reviews aren't verified by Google, but Google checks for and removes fake content when it's identified.","15+ years in business · Baltimore, MD, United States","· +1 443-341-6539","· Closes 4 pm","Open","On-site services","http://www.edwardslawnllc.com/","Website","https://www.google.com/maps/dir//Edward's,+43+Pebble+Dr,+Baltimore,+MD+21225,+United+States/data=!4m6!4m5!1m1!4e2!1m2!1m1!1s0x89c81c234c089f65:0x5ca782b4ea860f2e?sa=X&ved=1t:57443&ictx=111","Directions"
"Arbutus Lawn Mowing Service","· Lawn care service","5,0","(16)","More info","Reviews aren't verified by Google, but Google checks for and removes fake content when it's identified.","Halethorpe, MD, United States","+1 443-627-0204","","","On-site services","","","https://www.google.com/maps/dir//Arbutus+Lawn+Mowing+Service,+5100+Circle+Pl,+Halethorpe,+MD+21227,+United+States/data=!4m6!4m5!1m1!4e2!1m2!1m1!1s0x89c81d10b7f837cd:0xe37624a1bfb2862f?sa=X&ved=1t:57443&ictx=111","Directions"
"TruGreen Lawn Care","· Lawn care service","4,6","(547)","More info","Reviews aren't verified by Google, but Google checks for and removes fake content when it's identified.","15+ years in business · Essex, MD, United States","· +1 833-418-5004","· Closes 9 pm","Open","","https://www.trugreen.com/local-lawn-care/maryland/baltimore?utm_source=gmb&utm_channel=organic","Website","https://www.google.com/maps/dir//TruGreen+Lawn+Care,+8800+Kelso+Dr,+Essex,+MD+21221,+United+States/data=!4m6!4m5!1m1!4e2!1m2!1m1!1s0x89c807eb03f2561f:0x9fe541086832263a?sa=X&ved=1t:57443&ictx=111","Directions"
"James Lawn Care LLC","· Lawn care service","4,8","(22)","More info","Reviews aren't verified by Google, but Google checks for and removes fake content when it's identified.","10+ years in business","· +1 443-531-5880","· Closes 5 pm","Open","","http://jameslawncarellc.com/","Website","",""
"Hampden Lawn Mowing Service","· Lawn care service","4,5","(15)","More info","Reviews aren't verified by Google, but Google checks for and removes fake content when it's identified.","3+ years in business · Baltimore, MD, United States","· +1 443-805-9444","","Open 24 hours","","","","https://www.google.com/maps/dir//Hampden+Lawn+Mowing+Service,+707+Bunnecke+St,+Baltimore,+MD+21211,+United+States/data=!4m6!4m5!1m1!4e2!1m2!1m1!1s0x89c8058e2961e5bf:0x6445bd723f4d7cb5?sa=X&ved=1t:57443&ictx=111","Directions"
"Four Season Lawn Care & Service","· Landscaper","5,0","(3)","More info","Reviews aren't verified by Google, but Google checks for and removes fake content when it's identified.","5+ years in business · Baltimore, MD, United States","· +1 443-540-5591","· Closes 5 pm","Open","","","","https://www.google.com/maps/dir//Four+Season+Lawn+Care+%26+Service,+1014+Argonne+Dr,+Baltimore,+MD+21218,+United+States/data=!4m6!4m5!1m1!4e2!1m2!1m1!1s0x89c80509033b6d7f:0x311cf7c0dae2409c?sa=X&ved=1t:57443&ictx=111","Directions"
"Beautiful Lawns of Maryland LLC","· Lawn care service","5,0","(15)","More info","Reviews aren't verified by Google, but Google checks for and removes fake content when it's identified.","10+ years in business · Middle River, MD, United States","· +1 443-554-8535","· Closes 6 pm","Open","","http://www.beautifullawnsofmaryland.com/","Website","https://www.google.com/maps/dir//Beautiful+Lawns+of+Maryland+LLC,+1116+Orems+Rd,+Middle+River,+MD+21220,+United+States/data=!4m6!4m5!1m1!4e2!1m2!1m1!1s0x89c7e233e3cc7645:0x86b2529843c08e2e?sa=X&ved=1t:57443&ictx=111","Directions"
"Ground Guyz Property Services","· Lawn care service","5,0","(13)","More info","Reviews aren't verified by Google, but Google checks for and removes fake content when it's identified.","10+ years in business · Dundalk, MD, United States","· +1 410-241-9430","· Closes 5 pm","Open","","http://www.groundguyz.com/","Website","https://www.google.com/maps/dir//Ground+Guyz+Property+Services,+1729+Stengel+Ave,+Dundalk,+MD+21222,+United+States/data=!4m6!4m5!1m1!4e2!1m2!1m1!1s0x89c801e4709b796f:0x3c8cbb43da2ec821?sa=X&ved=1t:57443&ictx=111","Directions"
"D&J Lawncare and Landscaping Services Inc","· Landscaper","4,8","(17)","More info","Reviews aren't verified by Google, but Google checks for and removes fake content when it's identified.","3+ years in business","· +1 443-713-9050","· Closes 5 pm","Open","","http://www.dandjlawncareinc.com/","Website","",""
"Woody Lawn Care","· Lawn care service","4,7","(29)","More info","Reviews aren't verified by Google, but Google checks for and removes fake content when it's identified.","10+ years in business","· +1 443-622-4467","· Closes 7 pm","Open","","","","",""
"TruGreen Lawn Care","· Lawn care service","4,5","(736)","More info","Reviews aren't verified by Google, but Google checks for and removes fake content when it's identified.","15+ years in business · Windsor Mill, MD, United States","· +1 833-418-5004","· Closes 9 pm","Open","","https://www.trugreen.com/local-lawn-care/maryland/baltimore/?utm_source=gmb&utm_channel=organic","Website","https://www.google.com/maps/dir//TruGreen+Lawn+Care,+7230+Rutherford+Rd,+Windsor+Mill,+MD+21244,+United+States/data=!4m6!4m5!1m1!4e2!1m2!1m1!1s0x89c8196e77678a3b:0xc38019cbc544a4be?sa=X&ved=1t:57443&ictx=111","Directions"
"Towson Lawn Mowing Service","· Lawn care service","4,8","(16)","More info","Reviews aren't verified by Google, but Google checks for and removes fake content when it's identified.","3+ years in business · Towson, MD, United States","· +1 443-842-6660","","Open 24 hours","","","","https://www.google.com/maps/dir//Towson+Lawn+Mowing+Service,+904+Crestwick+Rd,+Towson,+MD+21286,+United+States/data=!4m6!4m5!1m1!4e2!1m2!1m1!1s0x89c80f9ce25da3df:0x95a4649cbd99553f?sa=X&ved=1t:57443&ictx=111","Directions"
"The Top Team","· Lawn care service","4,9","(152)","","","3537 Legend Oaks Road","· (240) 542-8770","· Closes 7 pm","Open","","https://www.google.com/aclk?sa=L&ai=DChsSEwiNxrurgvOVAxUBIaIDHcUpJRcYACICCAEQABoCbGU&co=1&ase=2&gclid=Cj0KCQjwg5zTBhCLARIsAP2AFU725eIUfxkIpbH-NKEVEcVLrYi04Hdd2rl1RkJ8GHYkuf2gzkhRsVcaAhUpEALw_wcB&cce=2&category=acrcp_v1_32&sig=AOD64_1AB2_qxz5UIjYtb2HGNYHEM3K_bQ&q=&nis=4&ctype=99&ved=2ahUKEwjh47WrgvOVAxXrIRAIHY0qCmQ4KBCErAF6BAghEBA&adurl=","Website","https://www.google.com/aclk?sa=L&ai=DChsSEwiNxrurgvOVAxUBIaIDHcUpJRcYACICCAEQAhoCbGU&co=1&ase=2&gclid=Cj0KCQjwg5zTBhCLARIsAP2AFU74KXBOsWmmpiKKV3MVAnQrjeQMym4sOwZf1LZcaj3TQsF0u6V2wUIaApVOEALw_wcB&cce=2&category=acrcp_v1_32&sig=AOD64_3MgRPmQXYisuGpAHSVko38v3r93Q&ctype=50&q=&ved=2ahUKEwjh47WrgvOVAxXrIRAIHY0qCmQ4KBCFrAF6BAghEBI&adurl=","Directions"
"Charm City Lawn Services, LLC","· Lawn care service","4,5","(15)","More info","Reviews aren't verified by Google, but Google checks for and removes fake content when it's identified.","5+ years in business · Dundalk, MD, United States","· +1 443-651-2141","","Open 24 hours","","http://charmcitylawnservices.com/","Website","https://www.google.com/maps/dir//Charm+City+Lawn+Services,+LLC,+7843+St+Boniface+Ln,+Dundalk,+MD+21222,+United+States/data=!4m6!4m5!1m1!4e2!1m2!1m1!1s0x89c801adce589acb:0x33cc2a482dbc2f72?sa=X&ved=1t:57443&ictx=111","Directions"
"Green Machine Lawns","· Lawn care service","5,0","(7)","More info","Reviews aren't verified by Google, but Google checks for and removes fake content when it's identified.","10+ years in business","· +1 443-863-9273","· Closes 7 pm","Open","","http://www.greenmachinelawns.com/","Website","",""
"From the Ground up Landscape and Design LLC","· Lawn care service","5,0","(8)","More info","Reviews aren't verified by Google, but Google checks for and removes fake content when it's identified.","3+ years in business","· +1 443-370-8099","· Closes 6 pm","Open","","","","",""
"Groundshog Landscaping","· Landscape designer","4,9","(72)","More info","Reviews aren't verified by Google, but Google checks for and removes fake content when it's identified.","25+ years in business · Baltimore, MD, United States","· +1 410-747-0489","· Closes 4:30 pm","Open","Online appointments","https://groundshog.com/?utm_source=LOCAL&utm_medium=ORGANIC&utm_campaign=GM","Website","https://www.google.com/maps/dir//Groundshog+Landscaping,+4207+Southwestern+Blvd+A,+Baltimore,+MD+21229,+United+States/data=!4m6!4m5!1m1!4e2!1m2!1m1!1s0x89c81daef432a7cb:0xf75c8bb45124869d?sa=X&ved=1t:57443&ictx=111","Directions"
"Tys lawncare services","· Lawn care service","4,6","(45)","More info","Reviews aren't verified by Google, but Google checks for and removes fake content when it's identified.","7+ years in business · Parkville, MD, United States","· +1 410-877-4918","· Closes 5 pm","Open","On-site services","https://tyslawncareservices.jobbersites.com/","Website","https://www.google.com/maps/dir//Tys+lawncare+services,+9130+Sperl+Ave,+Parkville,+MD+21234,+United+States/data=!4m6!4m5!1m1!4e2!1m2!1m1!1s0x89c80945daf53929:0x5cb88936bcb852e2?sa=X&ved=1t:57443&ictx=111","Directions"
"Baltimore Landscaping","· Gardener","5,0","(2)","More info","Reviews aren't verified by Google, but Google checks for and removes fake content when it's identified.","5+ years in business · Baltimore, MD, United States","· +1 443-712-4997","· Closes 6 pm","Open","","https://baltimore-landscaping.ueniweb.com/?utm_campaign=gmb","Website","https://www.google.com/maps/dir//Baltimore+Landscaping,+3321+Ingleside+Ave,+Baltimore,+MD+21215,+United+States/data=!4m6!4m5!1m1!4e2!1m2!1m1!1s0x89c81b0d5ff43483:0xd714b0cbef88fd50?sa=X&ved=1t:57443&ictx=111","Directions"
"Beautiful lawns by ola","· Lawn care service","4,9","(153)","More info","Reviews aren't verified by Google, but Google checks for and removes fake content when it's identified.","7+ years in business · Abingdon, MD, United States","· +1 410-776-1490","· Closes 5 pm","Open","On-site services","http://beautifullawnsbyola.com/?utm_source=gmb&utm_medium=referral","Website","https://www.google.com/maps/dir//Beautiful+lawns+by+ola,+629+Berwick+Ct,+Abingdon,+MD+21009,+United+States/data=!4m6!4m5!1m1!4e2!1m2!1m1!1s0x89c7e7fbffd94141:0xef0bebf2b38f6874?sa=X&ved=1t:57443&ictx=111","Directions"
"LJ Lawn Care","· Lawn care service","4,5","(2)","More info","Reviews aren't verified by Google, but Google checks for and removes fake content when it's identified.","5+ years in business · Baltimore, MD, United States","· +1 410-936-2685","· Closes 7:30 pm","Open","","","","https://www.google.com/maps/dir//LJ+Lawn+Care,+5600+Wabash+Ave,+Baltimore,+MD+21215,+United+States/data=!4m6!4m5!1m1!4e2!1m2!1m1!1s0x89c81b3e5bac3c57:0xfe6ec338374feb02?sa=X&ved=1t:57443&ictx=111","Directions"
"Parkville Lawn Mowing Service","· Lawn care service","4,4","(8)","More info","Reviews aren't verified by Google, but Google checks for and removes fake content when it's identified.","3+ years in business · Parkville, MD, United States","· +1 443-790-5260","","Open 24 hours","","","","https://www.google.com/maps/dir//Parkville+Lawn+Mowing+Service,+9501+Powderhorn+Ln,+Parkville,+MD+21234,+United+States/data=!4m6!4m5!1m1!4e2!1m2!1m1!1s0x89c809ff9657c9f3:0x9a4009928c34455?sa=X&ved=1t:57443&ictx=111","Directions"
"Edwards Lawn Services LLC","· Landscaper","","","","","5+ years in business · Baltimore, MD, United States","· +1 443-219-7054","· Closes 8:30 pm","No reviews","","","","https://www.google.com/maps/dir//Edwards+Lawn+Services+LLC,+5109+Groton+Rd,+Baltimore,+MD+21206,+United+States/data=!4m6!4m5!1m1!4e2!1m2!1m1!1s0x89c80792d67f5fb9:0xf4e2b1ff2536026e?sa=X&ved=1t:57443&ictx=111","Directions"
"Mo Better Lawns","· Landscaper","5,0","(12)","More info","Reviews aren't verified by Google, but Google checks for and removes fake content when it's identified.","30+ years in business · Millersville, MD, United States","· +1 410-303-4169","· Closes 5 pm","Open","","https://www.mobetterlawns.com/?utm_source=google&utm_medium=gbp&utm_campaign=website_link","Website","https://www.google.com/maps/dir//Mo+Better+Lawns,+290+W+Pasadena+Rd,+Millersville,+MD+21108,+United+States/data=!4m6!4m5!1m1!4e2!1m2!1m1!1s0x89b7fb03f05ae313:0xbc1effeb6ce94ea0?sa=X&ved=1t:57443&ictx=111","Directions"
"Maxalea, Inc.","· Lawn care service","4,6","(78)","More info","Reviews aren't verified by Google, but Google checks for and removes fake content when it's identified.","95+ years in business · Baltimore, MD, United States","· +1 410-377-7500","· Closes 4 pm","Open","On-site services","http://www.maxalea.com/","Website","https://www.google.com/maps/dir//Maxalea,+Inc.,+900+Oak+Hill+Rd,+Baltimore,+MD+21239,+United+States/data=!4m6!4m5!1m1!4e2!1m2!1m1!1s0x89c80f76327e69f5:0x563645af5fac49ad?sa=X&ved=1t:57443&ictx=111","Directions"
"HillSide Lawn Service","· Lawn care service","4,0","(4)","More info","Reviews aren't verified by Google, but Google checks for and removes fake content when it's identified.","30+ years in business · Halethorpe, MD, United States","· +1 410-399-2207","· Closes 4 pm","Open","","https://hillsidelawn.com/","Website","https://www.google.com/maps/dir//HillSide+Lawn+Service,+99+Ray+Rd,+Halethorpe,+MD+21227,+United+States/data=!4m6!4m5!1m1!4e2!1m2!1m1!1s0x89c81d135570fcc7:0x5672c8e7d9210710?sa=X&ved=1t:57443&ictx=111","Directions"
"J&J Greene Services","· Landscaper","5,0","(6)","More info","Reviews aren't verified by Google, but Google checks for and removes fake content when it's identified.","· +1 410-808-3882","","· Closes 6 pm","Open","","https://jjgreene.com/","Website","",""
"Tru-Green Baltimore","· Lawn care service","3,0","(2)","More info","Reviews aren't verified by Google, but Google checks for and removes fake content when it's identified.","Baltimore, MD, United States","· +1 844-213-0481","","Open 24 hours","","","","https://www.google.com/maps/dir//Tru-Green+Baltimore,+391+Park+Ave,+Baltimore,+MD+21201,+United+States/data=!4m6!4m5!1m1!4e2!1m2!1m1!1s0x89c805f2423f40af:0xc91aa829fa984509?sa=X&ved=1t:57443&ictx=111","Directions"
"Romero Landscaping Solutions LLC","· Landscaper","5,0","(7)","More info","Reviews aren't verified by Google, but Google checks for and removes fake content when it's identified.","· +1 443-600-5331","","· Closes 5 pm","Open","","https://romerolandssolution.com/","Website","",""
"SBC Outdoor Services","· Landscape designer","4,5","(45)","More info","Reviews aren't verified by Google, but Google checks for and removes fake content when it's identified.","7+ years in business · Baltimore, MD, United States","· +1 410-989-4674","","Open now","On-site services","https://www.sbclandscaping.com/?utm_source=google&utm_medium=organic&utm_campaign=gmb-website&utm_content=baltimore","Website","https://www.google.com/maps/dir//SBC+Outdoor+Services,+320+W+24th+St,+Baltimore,+MD+21211,+United+States/data=!4m6!4m5!1m1!4e2!1m2!1m1!1s0x89c805b2e36a21f5:0xe9e3d0862d733591?sa=X&ved=1t:57443&ictx=111","Directions"
"Baltimore Landscaping Services","· Landscaper","","","","","25+ years in business · Baltimore, MD, United States","· +1 443-983-3900","","No reviews","","","","https://www.google.com/maps/dir//Baltimore+Landscaping+Services,+101+N+Haven+St+Ste+301,+Baltimore,+MD+21224,+United+States/data=!4m6!4m5!1m1!4e2!1m2!1m1!1s0x89c8050a923626c9:0x719b85ec87ef60a7?sa=X&ved=1t:57443&ictx=111","Directions"
"Blue Dyamond Lawn care","· Lawn care service","","","","","3+ years in business · Baltimore, MD, United States","+1 443-540-1944","","No reviews","","","","https://www.google.com/maps/dir//Blue+Dyamond+Lawn+care,+1534+N+Mount+St,+Baltimore,+MD+21217,+United+States/data=!4m6!4m5!1m1!4e2!1m2!1m1!1s0x89c81b4c70f10425:0x1c6de6f6b4e103d8?sa=X&ved=1t:57443&ictx=111","Directions"
"Baltimore Artificial Grass & Turf","· Landscaper","5,0","(2)","More info","Reviews aren't verified by Google, but Google checks for and removes fake content when it's identified.","· +1 410-525-5481","","· Closes 6 pm","Open","","https://www.baltimoreartificialturf.com/","Website","",""
"Bell's Lawn Service","· Lawn care service","","","","","5+ years in business · Baltimore, OH, United States","· +1 740-919-7284","No reviews","Open now","","https://bellslawnservice.weebly.com/","Website","https://www.google.com/maps/dir//Bell's+Lawn+Service,+11160+Snyder+Church+Rd+NW,+Baltimore,+OH+43105,+United+States/data=!4m6!4m5!1m1!4e2!1m2!1m1!1s0x8838732ab2759f73:0x7a9bf0a05c413812?sa=X&ved=1t:57443&ictx=111","Directions"
"A A Lawn Mowers Repair Center","· Lawn mower repair service","2,9","(17)","More info","Reviews aren't verified by Google, but Google checks for and removes fake content when it's identified.","15+ years in business · Baltimore, MD, United States","· +1 410-254-6782","· Closes 5:30 pm","Open","On-site services","","","https://www.google.com/maps/dir//A+A+Lawn+Mowers+Repair+Center,+6605+Harford+Rd+%231,+Baltimore,+MD+21214,+United+States/data=!4m6!4m5!1m1!4e2!1m2!1m1!1s0x89c80f5584db34ef:0x87a9676a170dd349?sa=X&ved=1t:57443&ictx=111","Directions"
"Everest Repairs","· Repair service","5,0","(27)","More info","Reviews aren't verified by Google, but Google checks for and removes fake content when it's identified.","3+ years in business · Baltimore, MD, United States","· +1 410-963-2625","· Closes 5 pm","Open","On-site services","http://everestrepairs.com/","Website","https://www.google.com/maps/dir//Everest+Repairs,+2802+St+Paul+St,+Baltimore,+MD+21218,+United+States/data=!4m6!4m5!1m1!4e2!1m2!1m1!1s0x83f669cb5697b3bb:0xd0129fb2089f793f?sa=X&ved=1t:57443&ictx=111","Directions"
"TFG Outdoors","· Lawn care service","","","","","Baltimore, MD, United States","· +1 443-743-8418","· Closes 5 pm","No reviews","","https://www.tfgoutdoors.com/","Website","https://www.google.com/maps/dir//TFG+Outdoors,+407+Bonsal+St,+Baltimore,+MD+21224,+United+States/data=!4m6!4m5!1m1!4e2!1m2!1m1!1s0x89c8070b15181cc3:0x37f9cbc2261c5df9?sa=X&ved=1t:57443&ictx=111","Directions"
"Green Fields Nursery & Landscaping Company","· Landscaper","4,6","(222)","More info","Reviews aren't verified by Google, but Google checks for and removes fake content when it's identified.","Baltimore, MD, United States","· +1 410-323-3444","· Closes 7 pm","Open","","http://www.greenfieldsnursery.com/","Website","https://www.google.com/maps/dir//Green+Fields+Nursery+%26+Landscaping+Company,+5424+Falls+Rd+Terrace,+Baltimore,+MD+21210,+United+States/data=!4m6!4m5!1m1!4e2!1m2!1m1!1s0x89c81ab22e4d960f:0xa27b8e67c82f5342?sa=X&ved=1t:57443&ictx=111","Directions"
"J Lawn Care","· Lawn care service","","","","","3+ years in business","+1 443-220-9528","","No reviews","","http://jlawncare.org/","Website","",""
"Pro Tree Service Baltimore","· Tree service","5,0","(10)","More info","Reviews aren't verified by Google, but Google checks for and removes fake content when it's identified.","Baltimore, MD, United States","· +1 667-303-2191","","Open 24 hours","","https://protreeservicebaltimore.com/","Website","https://www.google.com/maps/dir//Pro+Tree+Service+Baltimore,+1209+W+Cross+St,+Baltimore,+MD+21230,+United+States/data=!4m6!4m5!1m1!4e2!1m2!1m1!1s0x89c8036a8d7c9127:0x4c755d07f1638768?sa=X&ved=1t:57443&ictx=111","Directions"
"LawnStarter - Houston","· Lawn care service","4,2","(1K)","More info","Reviews aren't verified by Google, but Google checks for and removes fake content when it's identified.","10+ years in business","· +1 832-981-4636","· Closes 10 pm","Open","","https://www.lawnstarter.com/houston-tx-lawn-care?utm_source=google&utm_medium=GLocal&utm_campaign=HoustonLocal","Website","",""
"Unric Axis Works","· Lawn care service","","","","","Baltimore, MD, United States","· +1 419-813-3467","","No reviews","","","","https://www.google.com/maps/dir//Unric+Axis+Works,+3825+MD-25,+Baltimore,+MD+21211,+United+States/data=!4m6!4m5!1m1!4e2!1m2!1m1!1s0x89c805002d2517dd:0x1e1a8d95dce6bebe?sa=X&ved=1t:57443&ictx=111","Directions"
"Atlantic Maintenance Group","· Lawn care service","1,0","(1)","More info","Reviews aren't verified by Google, but Google checks for and removes fake content when it's identified.","15+ years in business · Baltimore, MD, United States","· +1 443-621-8898","","Open now","","","","https://www.google.com/maps/dir//Atlantic+Maintenance+Group,+1633+Webster+St,+Baltimore,+MD+21230,+United+States/data=!4m6!4m5!1m1!4e2!1m2!1m1!1s0x89c803722c04c00d:0x6cb6a646ccba713c?sa=X&ved=1t:57443&ictx=111","Directions"
"The Top Team","· Lawn care service","4,9","(152)","","","3537 Legend Oaks Road","· (240) 542-8770","· Closes 7 pm","Open","","https://www.google.com/aclk?sa=L&ai=DChsSEwjihKWvgvOVAxUbKqIDHcqtDCwYACICCAEQABoCbGU&co=1&ase=2&gclid=Cj0KCQjwg5zTBhCLARIsAP2AFU5danffQE2-2v6SDTezjuVfYffy-hHOFFPE2TBnktVutga5ly49FoEaAo6NEALw_wcB&cce=2&category=acrcp_v1_32&sig=AOD64_2K0yEl-eg3G-4IVrxRzQfLjtwV-A&q=&nis=4&ctype=99&ved=2ahUKEwiZ0Z-vgvOVAxWHIhAIHZgvHUs4RhCErAF6BAgnEA8&adurl=","Website","https://www.google.com/aclk?sa=L&ai=DChsSEwjihKWvgvOVAxUbKqIDHcqtDCwYACICCAEQAhoCbGU&co=1&ase=2&gclid=Cj0KCQjwg5zTBhCLARIsAP2AFU7pDblV83whIn6YYqSl2aLzJi6yuqrATThLtpMWWJv5Wexkbil4rBQaAgkFEALw_wcB&cce=2&category=acrcp_v1_32&sig=AOD64_3K1j_-t37cqT9vDaHvlEF4TxBj4w&ctype=50&q=&ved=2ahUKEwiZ0Z-vgvOVAxWHIhAIHZgvHUs4RhCFrAF6BAgnEBE&adurl=","Directions"
"Antonio's Junk Removal & Hauling Services LLC","· Waste management service","5,0","(163)","More info","Reviews aren't verified by Google, but Google checks for and removes fake content when it's identified.","5+ years in business · Baltimore, MD, United States","· +1 443-721-8386","· Closes 5 pm","Open","On-site services","http://www.antoniosjunk.com/","Website","https://www.google.com/maps/dir//Antonio's+Junk+Removal+%26+Hauling+Services+LLC,+1737+Montpelier+St,+Baltimore,+MD+21218,+United+States/data=!4m6!4m5!1m1!4e2!1m2!1m1!1s0x89c805123b066dcd:0x523119c694495d70?sa=X&ved=1t:57443&ictx=111","Directions"
"The Grounds Guys of Woodlawn","· Landscape designer","5,0","(1)","More info","Reviews aren't verified by Google, but Google checks for and removes fake content when it's identified.","10+ years in business · Baltimore, MD, United States","· +1 240-298-8933","","Open now","","http://www.groundsguys.com/woodlawn","Website","https://www.google.com/maps/dir//The+Grounds+Guys+of+Woodlawn,+2212+Walbrook+Ave,+Baltimore,+MD+21216,+United+States/data=!4m6!4m5!1m1!4e2!1m2!1m1!1s0x89c81b47da09002d:0xaba7a604fe0a880?sa=X&ved=1t:57443&ictx=111","Directions"
"Charm City Haulers","· Junk removal service","4,9","(537)","More info","Reviews aren't verified by Google, but Google checks for and removes fake content when it's identified.","Baltimore, MD, United States","· +1 443-680-9309","","Open 24 hours","On-site services","https://charmcityhaulers.com/","Website","https://www.google.com/maps/dir//Charm+City+Haulers,+1012+N+Eden+St,+Baltimore,+MD+21205,+United+States/data=!4m6!4m5!1m1!4e2!1m2!1m1!1s0x89c8052da6b1366f:0xdc77061c53261b96?sa=X&ved=1t:57443&ictx=111","Directions"
"F&J Lawn Service","· Lawn care service","4,7","(14)","More info","Reviews aren't verified by Google, but Google checks for and removes fake content when it's identified.","Baltimore, MD, United States","· +1 410-665-3252","","Temporarily closed","","","","https://www.google.com/maps/dir//F%26J+Lawn+Service,+4705+Mawani+Rd,+Baltimore,+MD+21206,+United+States/data=!4m6!4m5!1m1!4e2!1m2!1m1!1s0x89c80764df96a6e7:0xeb8b54acd6675cbc?sa=X&ved=1t:57443&ictx=111","Directions"
"The Davey Tree Expert Company","· Tree service","4,2","(91)","More info","Reviews aren't verified by Google, but Google checks for and removes fake content when it's identified.","145+ years in business · Baltimore, MD, United States","· +1 410-946-1547","· Closes 5 pm","Open","","https://www.davey.com/residential-tree-services/local-offices/south-baltimore-tree-service-and-lawn-service/?utm_source=gmb&utm_medium=organic&utm_campaign=rc_south_baltimore","Website","https://www.google.com/maps/dir//The+Davey+Tree+Expert+Company,+1800+Union+Ave,+Baltimore,+MD+21211,+United+States/data=!4m6!4m5!1m1!4e2!1m2!1m1!1s0x89c810079ff88d69:0x679af61a3ffc3d28?sa=X&ved=1t:57443&ictx=111","Directions"
"LoadUp Junk Removal","· Waste management service","4,8","(587)","More info","Reviews aren't verified by Google, but Google checks for and removes fake content when it's identified.","10+ years in business · Baltimore, MD, United States","· +1 410-847-7053","· Closes 8 pm","Open","On-site services","https://goloadup.com/junk-removal/md/baltimore/?utm_source=google&utm_medium=organic&utm_campaign=gmb&utm_content=baltimore-md-143","Website","https://www.google.com/maps/dir//LoadUp+Junk+Removal,+10+W+Eager+St+Suite+215,+Baltimore,+MD+21201,+United+States/data=!4m6!4m5!1m1!4e2!1m2!1m1!1s0x89c8057098c1a3db:0x19b25c730339c43?sa=X&ved=1t:57443&ictx=111","Directions"
"Refined Junk Hauling & Moving","· Junk removal service","4,9","(59)","More info","Reviews aren't verified by Google, but Google checks for and removes fake content when it's identified.","· +1 240-898-6840","","· Closes 7 pm","Open","","https://www.refinedjunkhaulingnmoving.com/","Website","",""
"The Junkluggers of Baltimore","· Junk removal service","4,9","(520)","More info","Reviews aren't verified by Google, but Google checks for and removes fake content when it's identified.","Halethorpe, MD, United States","· +1 443-328-0498","· Closes 11 pm","Open","On-site services","https://www.junkluggers.com/baltimore/?utm_source=gbp&utm_medium=organic&utm_campaign=632464_-JL0038-","Website","https://www.google.com/maps/dir//The+Junkluggers+of+Baltimore,+48+Alco+Pl,+Halethorpe,+MD+21227,+United+States/data=!4m6!4m5!1m1!4e2!1m2!1m1!1s0x89c81d6a95056305:0xc3d0ccd1b4e4466?sa=X&ved=1t:57443&ictx=111","Directions"
"Owens Transport Dumpster Service","· Waste management service","5,0","(10)","More info","Reviews aren't verified by Google, but Google checks for and removes fake content when it's identified.","10+ years in business","· +1 443-834-8834","","Open 24 hours","","http://owenstransportdumpsters.com/","Website","",""
"5Star Pros Home Improvement","· General contractor","4,8","(16)","More info","Reviews aren't verified by Google, but Google checks for and removes fake content when it's identified.","Baltimore, MD, United States","· +1 227-254-2422","· Closes 7 pm","Open","On-site services","https://5starprosdmv.com/","Website","https://www.google.com/maps/dir//5Star+Pros+Home+Improvement,+20+S+Charles+St,+Baltimore,+MD+21201,+United+States/data=!4m6!4m5!1m1!4e2!1m2!1m1!1s0x89c805edca0ffb11:0xe46b173ef32498ec?sa=X&ved=1t:57443&ictx=111","Directions"
"The Top Team","· Lawn care service","4,9","(152)","","","3537 Legend Oaks Road","· (240) 542-8770","· Closes 7 pm","Open","","https://www.google.com/aclk?sa=L&ai=DChsSEwicyu2wgvOVAxVUKqIDHV0QOhYYACICCAEQABoCbGU&co=1&ase=2&gclid=Cj0KCQjwg5zTBhCLARIsAP2AFU5AK4y0SUrXyKTS274e8DdacS1YsJwMX6z1INVpnd8riBPN-5qwrFkaAtXlEALw_wcB&cce=2&category=acrcp_v1_32&sig=AOD64_2fUFxv80kRkXd-N3t9TMPlObuDrw&q=&nis=4&ctype=99&ved=2ahUKEwiDpeewgvOVAxUcPxAIHY6zHYs4UBCErAF6BAgcEBA&adurl=","Website","https://www.google.com/aclk?sa=L&ai=DChsSEwicyu2wgvOVAxVUKqIDHV0QOhYYACICCAEQAhoCbGU&co=1&ase=2&gclid=Cj0KCQjwg5zTBhCLARIsAP2AFU52f7i_xNXgK4pnKr4jJAbQz_qrmwcJFDt35UQ1rcitrvm2QmvJbJkaAny0EALw_wcB&cce=2&category=acrcp_v1_32&sig=AOD64_2IsuaApZHv7oqaFslcdGwUOgbJsQ&ctype=50&q=&ved=2ahUKEwiDpeewgvOVAxUcPxAIHY6zHYs4UBCFrAF6BAgcEBI&adurl=","Directions"
"Chesapeake Landscape Contractors","· Lawn care service","","","","","10+ years in business · Baltimore, MD, United States","· +1 443-517-7502","","No reviews","","http://www.chesapeakelc.com/","Website","https://www.google.com/maps/dir//Chesapeake+Landscape+Contractors,+100+S+Charles+St,+Baltimore,+MD+21201,+United+States/data=!4m6!4m5!1m1!4e2!1m2!1m1!1s0x89c8049f28d7aa9f:0x9bed075d14869579?sa=X&ved=1t:57443&ictx=111","Directions"
"Tript Shop","· Lawn care service","","","","","3+ years in business · Baltimore, MD, United States","+1 218-537-2957","","No reviews","","","","https://www.google.com/maps/dir//Tript+Shop,+423+W+Monument+St,+Baltimore,+MD+21201,+United+States/data=!4m6!4m5!1m1!4e2!1m2!1m1!1s0x89c805df1a44e8cf:0x97f865d468da81d0?sa=X&ved=1t:57443&ictx=111","Directions"
"Arbortech Tree Services LLC","· Landscaper","4,9","(16)","More info","Reviews aren't verified by Google, but Google checks for and removes fake content when it's identified.","","","","Temporarily closed","","https://www.arbortechtreemd.com/","Website","",""